"user_id","level_id","line","OU","odd"
101,151,1.5,"U",2.15534763007104
101,152,1.5,"U",4.74259248170014
101,153,1.5,"U",2.51601044567716
101,154,1.5,"U",10.3223443223443
101,155,1.5,"U",4.61695233090075
101,156,1.5,"U",1.49575581203767
101,157,1.5,"U",5.68203468470934
101,158,1.5,"U",1.97011194863738
101,159,1.5,"U",4.41409328615188
101,160,1.5,"U",1.49515902191661
101,161,1.5,"U",5.14728682170543
101,162,1.5,"U",4.09857872975839
101,163,1.5,"U",3.5985386436407
101,164,1.5,"U",1.43181694133219
101,165,1.5,"U",2.19391061940964
101,166,1.5,"U",1.30574651769151
101,167,1.5,"U",3.52621206350155
101,168,1.5,"U",4.12269106399049
101,169,1.5,"U",2.54642811235184
101,170,1.5,"U",1.37875121602508
101,171,1.5,"U",2.26465732619133
101,172,1.5,"U",4.25840579549875
101,173,1.5,"U",6.53721076812534
101,174,1.5,"U",1.56907878140841
101,175,1.5,"U",1.83935618892671
101,176,1.5,"U",1.40838177909672
101,177,1.5,"U",2.36345938568403
101,178,1.5,"U",3.42151458216331
101,179,1.5,"U",5.56573998404914
101,180,1.5,"U",3.27654545392684
101,181,1.5,"U",2.55692540595015
101,182,1.5,"U",1.90387922683681
101,183,1.5,"U",3.97538504372151
101,184,1.5,"U",2.93096634791107
101,185,1.5,"U",3.87062919271724
101,186,1.5,"U",1.32339278170352
101,187,1.5,"U",6.6281224502334
101,188,1.5,"U",1.7693023961621
101,189,1.5,"U",4.64012104591318
101,190,1.5,"U",2.54328567870211
101,191,1.5,"U",2.29150585364411
101,192,1.5,"U",2.05467832392518
101,193,1.5,"U",1.34295840582496
101,194,1.5,"U",1.46106502954164
101,195,1.5,"U",1.90333372913353
101,196,1.5,"U",3.00142475816946
101,197,1.5,"U",1.16819063458523
101,198,1.5,"U",1.84652721327465
101,199,1.5,"U",1.44532670037708
101,200,1.5,"U",1.70952894719039
102,151,1.5,"U",1.57167791909393
102,152,1.5,"U",1.54794554972697
102,153,1.5,"U",1.98715406884822
102,154,1.5,"U",2.17828537371911
102,155,1.5,"U",2.01781040497417
102,156,1.5,"U",1.12461318817543
102,157,1.5,"U",1.98952437522674
102,158,1.5,"U",1.25442380293864
102,159,1.5,"U",1.52563945375524
102,160,1.5,"U",1.26074069649323
102,161,1.5,"U",2.14623884319064
102,162,1.5,"U",2.47457802638935
102,163,1.5,"U",2.63944451144749
102,164,1.5,"U",1.55386510305975
102,165,1.5,"U",1.57354690076162
102,166,1.5,"U",1.09046519928539
102,167,1.5,"U",1.98477762024224
102,168,1.5,"U",1.56509941644831
102,169,1.5,"U",1.50702728316314
102,170,1.5,"U",1.22041329409333
102,171,1.5,"U",2.13301384485841
102,172,1.5,"U",2.59238568080338
102,173,1.5,"U",2.40660421971099
102,174,1.5,"U",1.17400835635012
102,175,1.5,"U",1.26468094630146
102,176,1.5,"U",1.114536040611
102,177,1.5,"U",1.36377029632031
102,178,1.5,"U",2.45380032361206
102,179,1.5,"U",3.57730196693724
102,180,1.5,"U",1.59259304488179
102,181,1.5,"U",2.00951823979546
102,182,1.5,"U",1.4713754693741
102,183,1.5,"U",1.88290119847669
102,184,1.5,"U",2.62280701754386
102,185,1.5,"U",1.86326477743221
102,186,1.5,"U",1.1787626512049
102,187,1.5,"U",2.89943479984338
102,188,1.5,"U",1.2456594615863
102,189,1.5,"U",2.48878538179307
102,190,1.5,"U",1.8814075269985
102,191,1.5,"U",1.84397884494322
102,192,1.5,"U",1.25216387011028
102,193,1.5,"U",1.22911833101227
102,194,1.5,"U",1.25106627183764
102,195,1.5,"U",1.27616135507033
102,196,1.5,"U",1.45734536529175
102,197,1.5,"U",1.11768119163359
102,198,1.5,"U",1.2313872826784
102,199,1.5,"U",1.07967851232892
102,200,1.5,"U",1.27026657541845
103,151,1.5,"U",1.75800187978526
103,152,1.5,"U",1.94093458247351
103,153,1.5,"U",2.04524229241358
103,154,1.5,"U",2.85079470677742
103,155,1.5,"U",2.62144667720507
103,156,1.5,"U",1.16781105267988
103,157,1.5,"U",3.02176433050073
103,158,1.5,"U",1.25589886207357
103,159,1.5,"U",1.73228233626213
103,160,1.5,"U",1.32840905526283
103,161,1.5,"U",1.48110645464898
103,162,1.5,"U",4.01285159083139
103,163,1.5,"U",2.65434638988781
103,164,1.5,"U",1.29232393675929
103,165,1.5,"U",1.43729282376307
103,166,1.5,"U",1.11806572697812
103,167,1.5,"U",2.57161342314351
103,168,1.5,"U",3.00463992240146
103,169,1.5,"U",1.35918129820616
103,170,1.5,"U",1.40498463795704
103,171,1.5,"U",2.77776988951468
103,172,1.5,"U",4.04689304148779
103,173,1.5,"U",2.90790959077327
103,174,1.5,"U",1.27758666465243
103,175,1.5,"U",2.46812957157785
103,176,1.5,"U",1.23916724684681
103,177,1.5,"U",1.50063791904682
103,178,1.5,"U",2.0872343070744
103,179,1.5,"U",2.91327951488137
103,180,1.5,"U",1.76344916918378
103,181,1.5,"U",1.91900003966154
103,182,1.5,"U",1.50754562778541
103,183,1.5,"U",2.77335587339988
103,184,1.5,"U",1.66767618610901
103,185,1.5,"U",2.9839751034624
103,186,1.5,"U",1.13684047961662
103,187,1.5,"U",3.44182678900239
103,188,1.5,"U",1.27921312552018
103,189,1.5,"U",2.74828166242009
103,190,1.5,"U",1.58818780547026
103,191,1.5,"U",2.65342618847532
103,192,1.5,"U",2.35448136958711
103,193,1.5,"U",1.23281239699212
103,194,1.5,"U",1.33158832970981
103,195,1.5,"U",1.21873102775985
103,196,1.5,"U",2.12962619340174
103,197,1.5,"U",1.30786728037956
103,198,1.5,"U",1.39520009083465
103,199,1.5,"U",1.16217753308571
103,200,1.5,"U",1.49823590320317
104,151,1.5,"U",3.97436780464862
104,152,1.5,"U",3.15814479384494
104,153,1.5,"U",2.61594226091364
104,154,1.5,"U",2.93162866917952
104,155,1.5,"U",7.96255011642371
104,156,1.5,"U",1.78475554227243
104,157,1.5,"U",3.38136152312577
104,158,1.5,"U",1.36815806111334
104,159,1.5,"U",1.77744696634838
104,160,1.5,"U",1.50233136646726
104,161,1.5,"U",2.26529920078546
104,162,1.5,"U",11.2380952380952
104,163,1.5,"U",2.26894690319504
104,164,1.5,"U",3.13137085808544
104,165,1.5,"U",2.21800862729991
104,166,1.5,"U",1.29428077262604
104,167,1.5,"U",3.50424526561603
104,168,1.5,"U",3.2193025299504
104,169,1.5,"U",2.52361735748098
104,170,1.5,"U",2.16212882102327
104,171,1.5,"U",2.8040075757808
104,172,1.5,"U",5.51200849148367
104,173,1.5,"U",11.0136321013392
104,174,1.5,"U",1.29544557512674
104,175,1.5,"U",2.51777657304815
104,176,1.5,"U",1.3703468342165
104,177,1.5,"U",1.46565597129511
104,178,1.5,"U",3.52582630329407
104,179,1.5,"U",10.0925165055184
104,180,1.5,"U",3.6609382151433
104,181,1.5,"U",2.33453828144058
104,182,1.5,"U",2.076851138175
104,183,1.5,"U",3.53616994031091
104,184,1.5,"U",2.15578106331398
104,185,1.5,"U",4.38725242103889
104,186,1.5,"U",1.53009460080407
104,187,1.5,"U",3.18433797289027
104,188,1.5,"U",1.61383581335222
104,189,1.5,"U",2.4974508784236
104,190,1.5,"U",2.37236988807811
104,191,1.5,"U",2.98719404135269
104,192,1.5,"U",1.45380758421669
104,193,1.5,"U",1.3767522383294
104,194,1.5,"U",1.5907209571823
104,195,1.5,"U",1.52662772092205
104,196,1.5,"U",2.77991878515732
104,197,1.5,"U",1.60460547587617
104,198,1.5,"U",1.81935716914635
104,199,1.5,"U",1.33236817056941
104,200,1.5,"U",2.24586826698863
105,151,1.5,"U",1.93827942019026
105,152,1.5,"U",1.8421798866126
105,153,1.5,"U",2.97342271718628
105,154,1.5,"U",2.72251054510009
105,155,1.5,"U",4.37331837382946
105,156,1.5,"U",1.24307323317051
105,157,1.5,"U",2.18886140492291
105,158,1.5,"U",1.21388346330928
105,159,1.5,"U",1.488695795521
105,160,1.5,"U",1.5867209806731
105,161,1.5,"U",1.47171380886242
105,162,1.5,"U",3.15874653479046
105,163,1.5,"U",2.05466174686133
105,164,1.5,"U",1.67861172182544
105,165,1.5,"U",1.30961336424724
105,166,1.5,"U",1.13080369547683
105,167,1.5,"U",1.87495146769461
105,168,1.5,"U",1.87682614403837
105,169,1.5,"U",1.46977865534088
105,170,1.5,"U",1.30634453142329
105,171,1.5,"U",2.14201441647201
105,172,1.5,"U",4.55348015647279
105,173,1.5,"U",2.92957588056361
105,174,1.5,"U",1.32226321950595
105,175,1.5,"U",1.35643534315559
105,176,1.5,"U",1.30282026124226
105,177,1.5,"U",1.28391758070075
105,178,1.5,"U",2.11612904607569
105,179,1.5,"U",3.34818564846121
105,180,1.5,"U",1.98198057311337
105,181,1.5,"U",1.65344762633848
105,182,1.5,"U",1.35962857440854
105,183,1.5,"U",3.13089545390753
105,184,1.5,"U",1.53373353240784
105,185,1.5,"U",2.44583051447728
105,186,1.5,"U",1.17352427253532
105,187,1.5,"U",2.64171897532806
105,188,1.5,"U",1.65425362083761
105,189,1.5,"U",2.90143370223959
105,190,1.5,"U",1.57949325778084
105,191,1.5,"U",2.27138564598388
105,192,1.5,"U",1.42117375076549
105,193,1.5,"U",1.41855215412062
105,194,1.5,"U",1.34606348180071
105,195,1.5,"U",1.36083788247781
105,196,1.5,"U",1.63186650224881
105,197,1.5,"U",1.12661287437572
105,198,1.5,"U",1.26196538458899
105,199,1.5,"U",1.22078458703886
105,200,1.5,"U",1.71193087573121
106,151,1.5,"U",2.70732206742503
106,152,1.5,"U",2.18159339877218
106,153,1.5,"U",2.16777462568581
106,154,1.5,"U",4.6421838514897
106,155,1.5,"U",3.84840311845858
106,156,1.5,"U",1.23436389282211
106,157,1.5,"U",3.54049390667382
106,158,1.5,"U",1.2318762803911
106,159,1.5,"U",2.15939559392004
106,160,1.5,"U",1.51519715911899
106,161,1.5,"U",2.18807412299188
106,162,1.5,"U",3.43044805273138
106,163,1.5,"U",3.83312978850635
106,164,1.5,"U",2.31357370697608
106,165,1.5,"U",1.8234602263458
106,166,1.5,"U",1.16972930841203
106,167,1.5,"U",2.69102797241157
106,168,1.5,"U",1.79651045441664
106,169,1.5,"U",1.4049913776781
106,170,1.5,"U",1.32500512721036
106,171,1.5,"U",2.57751702047716
106,172,1.5,"U",3.68997847866193
106,173,1.5,"U",5.31978189629496
106,174,1.5,"U",1.50631489839474
106,175,1.5,"U",1.34784335292144
106,176,1.5,"U",1.3291712109685
106,177,1.5,"U",2.38609503205906
106,178,1.5,"U",3.16433104972454
106,179,1.5,"U",2.72439314771269
106,180,1.5,"U",1.74554564495813
106,181,1.5,"U",2.3474417902339
106,182,1.5,"U",1.43817911751231
106,183,1.5,"U",2.37858801764072
106,184,1.5,"U",1.512812727119
106,185,1.5,"U",2.71189700321783
106,186,1.5,"U",1.287384450803
106,187,1.5,"U",3.8468519105644
106,188,1.5,"U",1.43070188730032
106,189,1.5,"U",2.13221997538538
106,190,1.5,"U",1.51169095219855
106,191,1.5,"U",2.09464640045124
106,192,1.5,"U",1.49687409549052
106,193,1.5,"U",1.70023926005199
106,194,1.5,"U",1.90910459662771
106,195,1.5,"U",1.3649131404187
106,196,1.5,"U",2.22942271597741
106,197,1.5,"U",1.1797446248582
106,198,1.5,"U",1.42877990981499
106,199,1.5,"U",1.18397905025346
106,200,1.5,"U",2.2197393711844
107,151,1.5,"U",4.48061068441059
107,152,1.5,"U",2.80545581560851
107,153,1.5,"U",2.97023916404322
107,154,1.5,"U",4.00336953351291
107,155,1.5,"U",5.02448828070724
107,156,1.5,"U",1.5590819341943
107,157,1.5,"U",3.74006056521403
107,158,1.5,"U",1.86772599985116
107,159,1.5,"U",2.76332614484511
107,160,1.5,"U",2.53121100625217
107,161,1.5,"U",2.10380486296184
107,162,1.5,"U",7.22735031828114
107,163,1.5,"U",4.34930178161686
107,164,1.5,"U",1.62423050644972
107,165,1.5,"U",2.10581145775682
107,166,1.5,"U",1.40658301390921
107,167,1.5,"U",3.09410790684118
107,168,1.5,"U",3.57498888700643
107,169,1.5,"U",2.97540930154312
107,170,1.5,"U",1.81874170363086
107,171,1.5,"U",3.0840459392594
107,172,1.5,"U",4.97678654255584
107,173,1.5,"U",4.96598490237624
107,174,1.5,"U",2.23246686768766
107,175,1.5,"U",1.70686102099448
107,176,1.5,"U",1.53327631759886
107,177,1.5,"U",2.08881130925911
107,178,1.5,"U",3.59364461154459
107,179,1.5,"U",5.31925396941957
107,180,1.5,"U",2.65415653631774
107,181,1.5,"U",3.09779968825807
107,182,1.5,"U",1.81393237148943
107,183,1.5,"U",2.57060929264688
107,184,1.5,"U",2.00611925795898
107,185,1.5,"U",4.04948258716424
107,186,1.5,"U",1.61213830394691
107,187,1.5,"U",7.74928751589534
107,188,1.5,"U",1.99271942730104
107,189,1.5,"U",5.88205852643566
107,190,1.5,"U",2.08861572669557
107,191,1.5,"U",2.85252836666967
107,192,1.5,"U",2.90703598489506
107,193,1.5,"U",1.75811835066463
107,194,1.5,"U",1.55618257503003
107,195,1.5,"U",2.92363508251577
107,196,1.5,"U",2.26210851390434
107,197,1.5,"U",1.95800524934383
107,198,1.5,"U",3.16828545624738
107,199,1.5,"U",1.41864110483659
107,200,1.5,"U",2.33710098112786
108,151,1.5,"U",3.49598418632417
108,152,1.5,"U",2.76780880742661
108,153,1.5,"U",4.36628648811212
108,154,1.5,"U",4.88067820503145
108,155,1.5,"U",5.01119262891511
108,156,1.5,"U",1.50899619501314
108,157,1.5,"U",5.0042767774195
108,158,1.5,"U",1.6829550418353
108,159,1.5,"U",3.27480822874985
108,160,1.5,"U",1.92958606740759
108,161,1.5,"U",2.04044095705775
108,162,1.5,"U",3.82072331817055
108,163,1.5,"U",3.1529469179737
108,164,1.5,"U",2.03406665817413
108,165,1.5,"U",1.77045076222412
108,166,1.5,"U",1.53634855219384
108,167,1.5,"U",5.35113383992831
108,168,1.5,"U",2.78648228810116
108,169,1.5,"U",2.11273186272303
108,170,1.5,"U",1.56050274831485
108,171,1.5,"U",2.72419995347708
108,172,1.5,"U",4.10286918717908
108,173,1.5,"U",4.17743252080307
108,174,1.5,"U",1.46602662426763
108,175,1.5,"U",1.60920647657207
108,176,1.5,"U",1.55772262880939
108,177,1.5,"U",3.10908692716438
108,178,1.5,"U",3.24558675088091
108,179,1.5,"U",4.06838865240551
108,180,1.5,"U",3.40282065999894
108,181,1.5,"U",2.48598168115168
108,182,1.5,"U",1.72844349860525
108,183,1.5,"U",11.5284552845528
108,184,1.5,"U",3.38321313615781
108,185,1.5,"U",2.89134104629047
108,186,1.5,"U",1.32976858139924
108,187,1.5,"U",8.0965524554853
108,188,1.5,"U",2.13609454675951
108,189,1.5,"U",6.25986959821466
108,190,1.5,"U",2.67175944297301
108,191,1.5,"U",4.16093715675739
108,192,1.5,"U",2.13909718811398
108,193,1.5,"U",2.13776008657166
108,194,1.5,"U",2.03797359290462
108,195,1.5,"U",1.49625488307307
108,196,1.5,"U",2.8208071736501
108,197,1.5,"U",1.29197492110044
108,198,1.5,"U",1.98947353483805
108,199,1.5,"U",1.38554587552151
108,200,1.5,"U",2.84971965848331
109,151,1.5,"U",4.32543158840257
109,152,1.5,"U",5.64711709473293
109,153,1.5,"U",2.85075388236233
109,154,1.5,"U",8.04826332541788
109,155,1.5,"U",19.6527895851973
109,156,1.5,"U",2.4890506369958
109,157,1.5,"U",6.5786013488282
109,158,1.5,"U",1.77964695918998
109,159,1.5,"U",3.01919870573964
109,160,1.5,"U",2.99316077078979
109,161,1.5,"U",3.04829860682942
109,162,1.5,"U",17.5523700432048
109,163,1.5,"U",4.07270906430207
109,164,1.5,"U",2.81871910253387
109,165,1.5,"U",3.05151904288583
109,166,1.5,"U",1.47607875464536
109,167,1.5,"U",4.72771324789809
109,168,1.5,"U",3.02230780134109
109,169,1.5,"U",2.48727978887837
109,170,1.5,"U",1.92798538358238
109,171,1.5,"U",7.00462179294217
109,172,1.5,"U",5.0838325469662
109,173,1.5,"U",10.4885098445565
109,174,1.5,"U",2.0862125339118
109,175,1.5,"U",2.43187122256651
109,176,1.5,"U",1.82348109442217
109,177,1.5,"U",2.32431068814843
109,178,1.5,"U",3.95514025451942
109,179,1.5,"U",6.40172239614364
109,180,1.5,"U",3.39955438616122
109,181,1.5,"U",4.98926265828312
109,182,1.5,"U",2.59848734562352
109,183,1.5,"U",6.61631336012426
109,184,1.5,"U",3.88749450812651
109,185,1.5,"U",6.86138188802126
109,186,1.5,"U",1.56804994786914
109,187,1.5,"U",8.18362044786037
109,188,1.5,"U",2.43538947051835
109,189,1.5,"U",3.24843123725787
109,190,1.5,"U",3.05885860153117
109,191,1.5,"U",5.23912744202143
109,192,1.5,"U",1.8127629242496
109,193,1.5,"U",2.09609495202049
109,194,1.5,"U",1.84362378453621
109,195,1.5,"U",2.47674962728475
109,196,1.5,"U",2.73953896497833
109,197,1.5,"U",1.71276473047303
109,198,1.5,"U",3.08773790881017
109,199,1.5,"U",1.7456131646029
109,200,1.5,"U",2.40509730713834
110,151,1.5,"U",1.98898400377756
110,152,1.5,"U",1.54985462824888
110,153,1.5,"U",1.58624157893277
110,154,1.5,"U",2.53791966256156
110,155,1.5,"U",2.12543418764032
110,156,1.5,"U",1.19036751333171
110,157,1.5,"U",2.46912003528793
110,158,1.5,"U",1.15181829685538
110,159,1.5,"U",1.5821079242205
110,160,1.5,"U",1.85347009295203
110,161,1.5,"U",1.57782479182055
110,162,1.5,"U",2.47069440094751
110,163,1.5,"U",2.26716515153777
110,164,1.5,"U",1.19296351667258
110,165,1.5,"U",1.3279981149945
110,166,1.5,"U",1.20590844363085
110,167,1.5,"U",2.28209253854205
110,168,1.5,"U",1.48635229554603
110,169,1.5,"U",1.38279427337284
110,170,1.5,"U",1.36259804213596
110,171,1.5,"U",1.90317472322437
110,172,1.5,"U",2.53051988833156
110,173,1.5,"U",2.82690909340945
110,174,1.5,"U",1.18721914596443
110,175,1.5,"U",1.3260734672471
110,176,1.5,"U",1.20340259487755
110,177,1.5,"U",1.2617928622931
110,178,1.5,"U",1.86556408747086
110,179,1.5,"U",3.30973129464387
110,180,1.5,"U",1.79817683276395
110,181,1.5,"U",1.53378587282067
110,182,1.5,"U",1.80611134142607
110,183,1.5,"U",1.85058313003846
110,184,1.5,"U",1.76950425679481
110,185,1.5,"U",3.49796841578216
110,186,1.5,"U",1.44229479631037
110,187,1.5,"U",3.39387255996182
110,188,1.5,"U",1.50325491032761
110,189,1.5,"U",1.70619529459758
110,190,1.5,"U",1.44345006437901
110,191,1.5,"U",1.63280401845223
110,192,1.5,"U",1.14584093117255
110,193,1.5,"U",1.22318557513912
110,194,1.5,"U",1.17367563196595
110,195,1.5,"U",1.2061639465618
110,196,1.5,"U",1.48451520949492
110,197,1.5,"U",1.06336058140631
110,198,1.5,"U",1.3142148504774
110,199,1.5,"U",1.10673977061898
110,200,1.5,"U",1.35964402582334
111,151,1.5,"U",3.66587086004777
111,152,1.5,"U",4.71493217910183
111,153,1.5,"U",2.33360581492151
111,154,1.5,"U",3.52275839425423
111,155,1.5,"U",5.00342912275914
111,156,1.5,"U",1.61934517618878
111,157,1.5,"U",8.84970420951804
111,158,1.5,"U",1.42741523395485
111,159,1.5,"U",2.3521967386518
111,160,1.5,"U",1.75353282723829
111,161,1.5,"U",2.63918106819054
111,162,1.5,"U",12.6774020083106
111,163,1.5,"U",4.18914160720291
111,164,1.5,"U",1.98576854372327
111,165,1.5,"U",1.96958913003185
111,166,1.5,"U",1.33941687769166
111,167,1.5,"U",4.07213817979928
111,168,1.5,"U",3.48558354632427
111,169,1.5,"U",2.87138811568563
111,170,1.5,"U",1.86118456450006
111,171,1.5,"U",2.80083732331257
111,172,1.5,"U",3.95742216382517
111,173,1.5,"U",4.22670120194101
111,174,1.5,"U",1.64195470529404
111,175,1.5,"U",2.36077322728982
111,176,1.5,"U",1.43414944026587
111,177,1.5,"U",1.56436024613399
111,178,1.5,"U",3.66400805475133
111,179,1.5,"U",7.2975539041276
111,180,1.5,"U",2.81073181999871
111,181,1.5,"U",5.02893210872095
111,182,1.5,"U",2.43293874370635
111,183,1.5,"U",3.95683804649624
111,184,1.5,"U",2.55632215396804
111,185,1.5,"U",5.47431738672235
111,186,1.5,"U",1.77065586657629
111,187,1.5,"U",15.3140471170443
111,188,1.5,"U",1.65757120195508
111,189,1.5,"U",2.73650587089909
111,190,1.5,"U",2.11689293547739
111,191,1.5,"U",2.76119847844702
111,192,1.5,"U",3.72673337084894
111,193,1.5,"U",1.63845917069686
111,194,1.5,"U",3.06258216980089
111,195,1.5,"U",3.55167878311586
111,196,1.5,"U",2.86814368393916
111,197,1.5,"U",1.15392285496135
111,198,1.5,"U",2.5594736822201
111,199,1.5,"U",1.43964361423085
111,200,1.5,"U",1.60654845756504
112,151,1.5,"U",2.85747110241265
112,152,1.5,"U",1.83492285520596
112,153,1.5,"U",1.81716974400776
112,154,1.5,"U",3.13580467101396
112,155,1.5,"U",3.8064813669287
112,156,1.5,"U",1.60760452403723
112,157,1.5,"U",3.58255270679725
112,158,1.5,"U",1.34677688396897
112,159,1.5,"U",3.85178997948134
112,160,1.5,"U",1.43701549627418
112,161,1.5,"U",3.17183627182404
112,162,1.5,"U",3.59950481456268
112,163,1.5,"U",4.90410405164738
112,164,1.5,"U",1.82644961869385
112,165,1.5,"U",1.66330828873321
112,166,1.5,"U",1.49201022260899
112,167,1.5,"U",2.73836898753061
112,168,1.5,"U",2.0939083409475
112,169,1.5,"U",2.12988853208479
112,170,1.5,"U",1.39227021132152
112,171,1.5,"U",3.10820393830927
112,172,1.5,"U",4.02331297780764
112,173,1.5,"U",3.23185507235356
112,174,1.5,"U",1.43204829941446
112,175,1.5,"U",1.4504381335837
112,176,1.5,"U",1.58418034264785
112,177,1.5,"U",1.51781133120793
112,178,1.5,"U",6.96692111959288
112,179,1.5,"U",3.62072729634968
112,180,1.5,"U",3.25462692909378
112,181,1.5,"U",2.76597607252224
112,182,1.5,"U",2.7816091954023
112,183,1.5,"U",2.04201139452076
112,184,1.5,"U",1.93412359398211
112,185,1.5,"U",2.61651421892149
112,186,1.5,"U",1.4722954828899
112,187,1.5,"U",3.40212697845826
112,188,1.5,"U",1.44800120042629
112,189,1.5,"U",2.96481006982026
112,190,1.5,"U",1.84677839611044
112,191,1.5,"U",2.20025408074234
112,192,1.5,"U",1.35748326805138
112,193,1.5,"U",1.69928407219784
112,194,1.5,"U",1.57352586053624
112,195,1.5,"U",2.16647817607967
112,196,1.5,"U",3.06035980177342
112,197,1.5,"U",1.32112284398885
112,198,1.5,"U",1.43085376598385
112,199,1.5,"U",1.1953185979271
112,200,1.5,"U",1.78139497790836
113,151,1.5,"U",1.99486819818175
113,152,1.5,"U",2.50940366761196
113,153,1.5,"U",2.47480993115763
113,154,1.5,"U",2.52138120250474
113,155,1.5,"U",2.32500228887423
113,156,1.5,"U",1.56537569849426
113,157,1.5,"U",2.82927826674714
113,158,1.5,"U",1.19377917035442
113,159,1.5,"U",2.8360050305801
113,160,1.5,"U",1.38443991519922
113,161,1.5,"U",2.29352004422357
113,162,1.5,"U",3.26563967878167
113,163,1.5,"U",2.20885490899791
113,164,1.5,"U",1.5607480778068
113,165,1.5,"U",1.39493255987657
113,166,1.5,"U",1.16840312901903
113,167,1.5,"U",2.14800178817853
113,168,1.5,"U",1.8036853938391
113,169,1.5,"U",1.54657351908282
113,170,1.5,"U",1.28104160543931
113,171,1.5,"U",1.89358122177073
113,172,1.5,"U",4.46314472207557
113,173,1.5,"U",3.44826601662972
113,174,1.5,"U",1.25398860521045
113,175,1.5,"U",1.55685105303454
113,176,1.5,"U",1.34640411245498
113,177,1.5,"U",1.75122809182056
113,178,1.5,"U",1.82334315450621
113,179,1.5,"U",3.51520819619809
113,180,1.5,"U",3.0088328841773
113,181,1.5,"U",2.30273910586176
113,182,1.5,"U",1.61923363191902
113,183,1.5,"U",2.0119901099415
113,184,1.5,"U",2.52715665785624
113,185,1.5,"U",3.13779605393949
113,186,1.5,"U",1.23510418150623
113,187,1.5,"U",3.79788316396543
113,188,1.5,"U",1.29753626088976
113,189,1.5,"U",1.81822989824185
113,190,1.5,"U",2.09579809136985
113,191,1.5,"U",2.73297407920293
113,192,1.5,"U",1.21807583821759
113,193,1.5,"U",1.28004556559129
113,194,1.5,"U",1.37771973872705
113,195,1.5,"U",1.4394641943642
113,196,1.5,"U",1.83776730894567
113,197,1.5,"U",1.17711510655264
113,198,1.5,"U",1.39433255141044
113,199,1.5,"U",1.12514790235624
113,200,1.5,"U",1.79958177550546
114,151,1.5,"U",2.72140348962729
114,152,1.5,"U",6.68627450980392
114,153,1.5,"U",3.03570032900609
114,154,1.5,"U",6.68073448087067
114,155,1.5,"U",2.70312454148181
114,156,1.5,"U",1.44042956520202
114,157,1.5,"U",5.17613702512119
114,158,1.5,"U",1.42016119811279
114,159,1.5,"U",2.97292310239958
114,160,1.5,"U",2.30077603605295
114,161,1.5,"U",2.06099277651009
114,162,1.5,"U",7.17432852529415
114,163,1.5,"U",3.49535030879059
114,164,1.5,"U",2.0612174167015
114,165,1.5,"U",2.07772773757985
114,166,1.5,"U",1.52674322945192
114,167,1.5,"U",2.92474334680796
114,168,1.5,"U",3.73284668515871
114,169,1.5,"U",1.84695012107014
114,170,1.5,"U",1.47485794916819
114,171,1.5,"U",2.66302065451004
114,172,1.5,"U",6.25102038822755
114,173,1.5,"U",5.17080138117766
114,174,1.5,"U",1.85541797780668
114,175,1.5,"U",2.24195986758139
114,176,1.5,"U",1.68091202879516
114,177,1.5,"U",1.8535547276486
114,178,1.5,"U",3.82949135715709
114,179,1.5,"U",3.59750248284492
114,180,1.5,"U",3.4773209347735
114,181,1.5,"U",2.90156922852437
114,182,1.5,"U",2.89532312111914
114,183,1.5,"U",3.28431878950559
114,184,1.5,"U",2.33133603897468
114,185,1.5,"U",4.04027486692083
114,186,1.5,"U",1.43612221805713
114,187,1.5,"U",6.2199921749459
114,188,1.5,"U",1.58950265306855
114,189,1.5,"U",3.17447003828622
114,190,1.5,"U",1.83853875798003
114,191,1.5,"U",3.47865964098285
114,192,1.5,"U",1.87585278831683
114,193,1.5,"U",2.15821276289693
114,194,1.5,"U",1.77007279928994
114,195,1.5,"U",1.67743128587226
114,196,1.5,"U",2.27717001139281
114,197,1.5,"U",1.28952871069491
114,198,1.5,"U",1.77101314371923
114,199,1.5,"U",1.27899079652127
114,200,1.5,"U",2.50927896749009
115,151,1.5,"U",1.50997829889662
115,152,1.5,"U",1.46106281613325
115,153,1.5,"U",1.70972337922433
115,154,1.5,"U",2.37872687242798
115,155,1.5,"U",4.95906886405305
115,156,1.5,"U",1.13416103440935
115,157,1.5,"U",1.85023260364952
115,158,1.5,"U",1.16305641074756
115,159,1.5,"U",1.49982510884952
115,160,1.5,"U",1.32957742097784
115,161,1.5,"U",1.51268730074201
115,162,1.5,"U",2.5109063595561
115,163,1.5,"U",1.88290861304868
115,164,1.5,"U",1.22355216366187
115,165,1.5,"U",1.29359471356476
115,166,1.5,"U",1.05101860893239
115,167,1.5,"U",2.79734747261856
115,168,1.5,"U",1.32317488486317
115,169,1.5,"U",1.35806243804458
115,170,1.5,"U",1.20728513921393
115,171,1.5,"U",2.3024279642496
115,172,1.5,"U",2.84488190899878
115,173,1.5,"U",3.0381540201092
115,174,1.5,"U",1.33727796552509
115,175,1.5,"U",1.34856699840411
115,176,1.5,"U",1.13729807479168
115,177,1.5,"U",1.27348794616346
115,178,1.5,"U",1.79908862048802
115,179,1.5,"U",1.81314335071619
115,180,1.5,"U",2.29584131267699
115,181,1.5,"U",1.91710736647325
115,182,1.5,"U",1.21401570160719
115,183,1.5,"U",2.21895563043527
115,184,1.5,"U",1.64046853906739
115,185,1.5,"U",3.54552582740296
115,186,1.5,"U",1.12486206842327
115,187,1.5,"U",6.96692111959288
115,188,1.5,"U",1.29945322829818
115,189,1.5,"U",2.33795546549669
115,190,1.5,"U",1.49287852729469
115,191,1.5,"U",1.59697461395189
115,192,1.5,"U",1.24557003669178
115,193,1.5,"U",1.17123290270721
115,194,1.5,"U",1.32734741493239
115,195,1.5,"U",1.27104639299737
115,196,1.5,"U",1.70282020500386
115,197,1.5,"U",1.06636246865261
115,198,1.5,"U",1.26304323937138
115,199,1.5,"U",1.15436572501544
115,200,1.5,"U",1.55109510791288
116,151,1.5,"U",3.98262484220974
116,152,1.5,"U",2.25266737192378
116,153,1.5,"U",1.98511302823228
116,154,1.5,"U",3.17556204728955
116,155,1.5,"U",4.08720445051226
116,156,1.5,"U",1.42015860083245
116,157,1.5,"U",3.98328214795377
116,158,1.5,"U",1.58192209023259
116,159,1.5,"U",1.80536784893507
116,160,1.5,"U",1.42066980989202
116,161,1.5,"U",3.18278645856201
116,162,1.5,"U",3.4472619021913
116,163,1.5,"U",2.13316002425982
116,164,1.5,"U",1.48341747367678
116,165,1.5,"U",1.6975378264669
116,166,1.5,"U",1.13902910649593
116,167,1.5,"U",3.32216651085967
116,168,1.5,"U",2.17140572187893
116,169,1.5,"U",1.41764180024569
116,170,1.5,"U",1.45413285242481
116,171,1.5,"U",3.8703412610639
116,172,1.5,"U",7.10878613473633
116,173,1.5,"U",5.47018918663034
116,174,1.5,"U",1.45241195254675
116,175,1.5,"U",1.46102948451638
116,176,1.5,"U",1.4759962823926
116,177,1.5,"U",1.51337005244761
116,178,1.5,"U",3.15895178175241
116,179,1.5,"U",5.34871281740445
116,180,1.5,"U",1.8863545900021
116,181,1.5,"U",3.31380225988911
116,182,1.5,"U",2.06274695702785
116,183,1.5,"U",2.6688451287341
116,184,1.5,"U",1.94233528715305
116,185,1.5,"U",4.64575643733767
116,186,1.5,"U",1.22086128877693
116,187,1.5,"U",4.28879949053556
116,188,1.5,"U",2.43892339544514
116,189,1.5,"U",2.48826366896292
116,190,1.5,"U",1.67275727835845
116,191,1.5,"U",2.68732839114172
116,192,1.5,"U",1.64492645247927
116,193,1.5,"U",1.82109664416362
116,194,1.5,"U",1.41088673966586
116,195,1.5,"U",1.36120885206706
116,196,1.5,"U",1.7795696822054
116,197,1.5,"U",1.15552467012969
116,198,1.5,"U",1.50970466216499
116,199,1.5,"U",1.19458323339488
116,200,1.5,"U",2.0553262285834
117,151,1.5,"U",3.06078199605405
117,152,1.5,"U",2.06081482809418
117,153,1.5,"U",2.29694283462305
117,154,1.5,"U",3.19612090468082
117,155,1.5,"U",4.38110346877764
117,156,1.5,"U",1.4630870509562
117,157,1.5,"U",4.45964314563349
117,158,1.5,"U",1.49635995929003
117,159,1.5,"U",2.18736474784338
117,160,1.5,"U",1.73456521257983
117,161,1.5,"U",3.249167862434
117,162,1.5,"U",4.34468097787126
117,163,1.5,"U",3.68929695536058
117,164,1.5,"U",1.72028841344255
117,165,1.5,"U",1.8167380247122
117,166,1.5,"U",1.22311908591104
117,167,1.5,"U",3.98397076993829
117,168,1.5,"U",2.91342254052825
117,169,1.5,"U",1.55527329893998
117,170,1.5,"U",1.45841363343457
117,171,1.5,"U",3.57210249362521
117,172,1.5,"U",4.16455181632721
117,173,1.5,"U",4.41823548415191
117,174,1.5,"U",2.96969696969697
117,175,1.5,"U",1.88323188522498
117,176,1.5,"U",1.33042467343495
117,177,1.5,"U",1.5487646574026
117,178,1.5,"U",2.93211514494277
117,179,1.5,"U",5.36916398116177
117,180,1.5,"U",2.45525351239342
117,181,1.5,"U",4.04370096678896
117,182,1.5,"U",2.14738310806192
117,183,1.5,"U",3.32581555561043
117,184,1.5,"U",2.53619030900763
117,185,1.5,"U",10.3662596084539
117,186,1.5,"U",1.33414038111504
117,187,1.5,"U",4.43717248462836
117,188,1.5,"U",1.73904546358636
117,189,1.5,"U",2.79726895603325
117,190,1.5,"U",2.07871791847113
117,191,1.5,"U",3.70421566495115
117,192,1.5,"U",3.36559139784946
117,193,1.5,"U",1.48294579530579
117,194,1.5,"U",1.63424336221648
117,195,1.5,"U",1.93214951623668
117,196,1.5,"U",2.43241192538197
117,197,1.5,"U",1.17378209258235
117,198,1.5,"U",3.16475095785441
117,199,1.5,"U",1.26963095386174
117,200,1.5,"U",2.91959949067758
118,151,1.5,"U",1.04011501833477
118,152,1.5,"U",1.04909854400163
118,153,1.5,"U",1.04468809836799
118,154,1.5,"U",1.15886752245222
118,155,1.5,"U",1.12242055082931
118,156,1.5,"U",1.01261970443456
118,157,1.5,"U",1.08127675252915
118,158,1.5,"U",1.00781036842123
118,159,1.5,"U",1.09113187932544
118,160,1.5,"U",1.02266478762744
118,161,1.5,"U",1.05554407331707
118,162,1.5,"U",1.14799885122516
118,163,1.5,"U",1.08898408788294
118,164,1.5,"U",1.00993736328172
118,165,1.5,"U",1.02442927091991
118,166,1.5,"U",1.003219713538
118,167,1.5,"U",1.16169331238119
118,168,1.5,"U",1.01661529778842
118,169,1.5,"U",1.02518413749791
118,170,1.5,"U",1.00723783844772
118,171,1.5,"U",1.06766513440531
118,172,1.5,"U",1.1247339872681
118,173,1.5,"U",1.14165169886026
118,174,1.5,"U",1.01184042843118
118,175,1.5,"U",1.01533889310408
118,176,1.5,"U",1.01038420993802
118,177,1.5,"U",1.01702793477936
118,178,1.5,"U",1.05979185032214
118,179,1.5,"U",1.15141498981498
118,180,1.5,"U",1.04658075450093
118,181,1.5,"U",1.06055741534125
118,182,1.5,"U",1.03586801889482
118,183,1.5,"U",1.07829970845648
118,184,1.5,"U",1.04436503986671
118,185,1.5,"U",1.10685292608371
118,186,1.5,"U",1.00436451083447
118,187,1.5,"U",1.243472447002
118,188,1.5,"U",1.00677049234678
118,189,1.5,"U",1.03293175699163
118,190,1.5,"U",1.03471562966138
118,191,1.5,"U",1.09866783436983
118,192,1.5,"U",1.01715893529078
118,193,1.5,"U",1.0319306434151
118,194,1.5,"U",1.01179535355643
118,195,1.5,"U",1.03057423005112
118,196,1.5,"U",1.03782147684585
118,197,1.5,"U",1.00728043577531
118,198,1.5,"U",1.00827047325019
118,199,1.5,"U",1.01486252255879
118,200,1.5,"U",1.02299409076366
119,151,1.5,"U",3.5240259448719
119,152,1.5,"U",5.78494623655914
119,153,1.5,"U",3.67001599278326
119,154,1.5,"U",4.58656145394454
119,155,1.5,"U",9.85964912280702
119,156,1.5,"U",1.35311121599191
119,157,1.5,"U",7.93232751703754
119,158,1.5,"U",1.39207731827638
119,159,1.5,"U",3.21909732692761
119,160,1.5,"U",1.55113634399273
119,161,1.5,"U",1.87117678555449
119,162,1.5,"U",2.87592876002274
119,163,1.5,"U",3.0217942064368
119,164,1.5,"U",1.57328509033116
119,165,1.5,"U",1.53224768721721
119,166,1.5,"U",1.29414221404787
119,167,1.5,"U",2.99056045859384
119,168,1.5,"U",1.56080291515529
119,169,1.5,"U",1.62305969365383
119,170,1.5,"U",1.37097851154745
119,171,1.5,"U",2.09286535229835
119,172,1.5,"U",3.13430477171597
119,173,1.5,"U",3.71916691043414
119,174,1.5,"U",1.47375439872319
119,175,1.5,"U",1.64809051758216
119,176,1.5,"U",1.31685919773805
119,177,1.5,"U",2.07778219984452
119,178,1.5,"U",2.09076695746619
119,179,1.5,"U",3.12802063608971
119,180,1.5,"U",2.33055948200059
119,181,1.5,"U",1.89295051937158
119,182,1.5,"U",2.97863156915141
119,183,1.5,"U",4.42787280908515
119,184,1.5,"U",1.79414530599663
119,185,1.5,"U",2.63439228280802
119,186,1.5,"U",1.77274857784516
119,187,1.5,"U",9.41695161892102
119,188,1.5,"U",1.61775658879774
119,189,1.5,"U",4.02077296531369
119,190,1.5,"U",1.60620819757116
119,191,1.5,"U",6.27777777777778
119,192,1.5,"U",1.56855573522175
119,193,1.5,"U",1.44444090236751
119,194,1.5,"U",1.43969452451426
119,195,1.5,"U",1.55093895440895
119,196,1.5,"U",1.71570681816866
119,197,1.5,"U",1.15718931928638
119,198,1.5,"U",1.52153240093084
119,199,1.5,"U",1.87140439932318
119,200,1.5,"U",1.79262517424052
120,151,1.5,"U",2.87245871432767
120,152,1.5,"U",2.65843704282805
120,153,1.5,"U",2.00048844242972
120,154,1.5,"U",3.6614722248803
120,155,1.5,"U",3.80818603516768
120,156,1.5,"U",1.30482907693962
120,157,1.5,"U",4.72417618083468
120,158,1.5,"U",1.44446640984829
120,159,1.5,"U",2.27758069033198
120,160,1.5,"U",2.01481755926845
120,161,1.5,"U",2.45549645866652
120,162,1.5,"U",4.33075744258113
120,163,1.5,"U",2.5337417845177
120,164,1.5,"U",1.40123726164948
120,165,1.5,"U",2.12877735157986
120,166,1.5,"U",1.1922178028287
120,167,1.5,"U",2.35688528216845
120,168,1.5,"U",2.38497904188296
120,169,1.5,"U",2.41739951428112
120,170,1.5,"U",1.73363186732788
120,171,1.5,"U",3.65965494033747
120,172,1.5,"U",3.15240993685029
120,173,1.5,"U",3.61074729411451
120,174,1.5,"U",1.27968518278035
120,175,1.5,"U",1.44180426140037
120,176,1.5,"U",1.2460179458312
120,177,1.5,"U",1.51136274315841
120,178,1.5,"U",2.39849653182157
120,179,1.5,"U",4.09616626077029
120,180,1.5,"U",2.62731688954594
120,181,1.5,"U",2.92650965350403
120,182,1.5,"U",1.88550666068244
120,183,1.5,"U",2.82200201604318
120,184,1.5,"U",3.29071840849567
120,185,1.5,"U",2.76964011417406
120,186,1.5,"U",1.32557163133591
120,187,1.5,"U",4.72929610013721
120,188,1.5,"U",2.41775880519281
120,189,1.5,"U",3.44718690974068
120,190,1.5,"U",1.88280605700615
120,191,1.5,"U",3.40502324341604
120,192,1.5,"U",1.88846756424669
120,193,1.5,"U",1.63165464440136
120,194,1.5,"U",1.97729188978306
120,195,1.5,"U",1.47411598387693
120,196,1.5,"U",1.45955914950401
120,197,1.5,"U",1.35259632816651
120,198,1.5,"U",1.63372720159025
120,199,1.5,"U",1.21702815097153
120,200,1.5,"U",1.90713764754001
121,151,1.5,"U",1.18036097251218
121,152,1.5,"U",1.14976928480989
121,153,1.5,"U",1.09779343852793
121,154,1.5,"U",1.32961743885018
121,155,1.5,"U",1.36092163746617
121,156,1.5,"U",1.02889744623778
121,157,1.5,"U",1.37360032923487
121,158,1.5,"U",1.07730538495823
121,159,1.5,"U",1.12648666998173
121,160,1.5,"U",1.04999252741048
121,161,1.5,"U",1.09288364786984
121,162,1.5,"U",1.26866180057451
121,163,1.5,"U",1.15089789513776
121,164,1.5,"U",1.05232844196359
121,165,1.5,"U",1.05300707607013
121,166,1.5,"U",1.0107548864728
121,167,1.5,"U",1.3843061556321
121,168,1.5,"U",1.1312855159811
121,169,1.5,"U",1.05685418224204
121,170,1.5,"U",1.0433309866844
121,171,1.5,"U",1.20906974952978
121,172,1.5,"U",1.4001195916159
121,173,1.5,"U",1.36897546563475
121,174,1.5,"U",1.04008481253276
121,175,1.5,"U",1.0528471989076
121,176,1.5,"U",1.03848069974745
121,177,1.5,"U",1.06818368942418
121,178,1.5,"U",1.22983201565608
121,179,1.5,"U",1.55299081614182
121,180,1.5,"U",1.62653406175774
121,181,1.5,"U",1.25711075936431
121,182,1.5,"U",1.05460009406991
121,183,1.5,"U",1.2221176201728
121,184,1.5,"U",1.11091870940187
121,185,1.5,"U",1.45768964202376
121,186,1.5,"U",1.02312091442008
121,187,1.5,"U",1.70362143425018
121,188,1.5,"U",1.0415699182036
121,189,1.5,"U",1.18402881415529
121,190,1.5,"U",1.09575506776078
121,191,1.5,"U",1.25436365831232
121,192,1.5,"U",1.06274983316982
121,193,1.5,"U",1.02925225892302
121,194,1.5,"U",1.08853067787549
121,195,1.5,"U",1.02831726164132
121,196,1.5,"U",1.09128200885325
121,197,1.5,"U",1.0192545132465
121,198,1.5,"U",1.06027209826539
121,199,1.5,"U",1.04116531408696
121,200,1.5,"U",1.10285468465185
122,151,1.5,"U",2.18621664993293
122,152,1.5,"U",4.70967741935484
122,153,1.5,"U",1.88515227216335
122,154,1.5,"U",3.27482897561126
122,155,1.5,"U",4.34707918402805
122,156,1.5,"U",1.43364384063514
122,157,1.5,"U",3.23885939954379
122,158,1.5,"U",1.78863270122826
122,159,1.5,"U",2.17617820831287
122,160,1.5,"U",1.38289462374507
122,161,1.5,"U",1.90233372327402
122,162,1.5,"U",3.18707759548135
122,163,1.5,"U",2.09950168887449
122,164,1.5,"U",1.63318944789443
122,165,1.5,"U",1.8156540842447
122,166,1.5,"U",1.21944006359655
122,167,1.5,"U",3.03933417128431
122,168,1.5,"U",2.27352928566746
122,169,1.5,"U",1.59574100665477
122,170,1.5,"U",1.6866228085848
122,171,1.5,"U",2.17859232308991
122,172,1.5,"U",10.4444444444444
122,173,1.5,"U",5.78612730677138
122,174,1.5,"U",1.29771741174069
122,175,1.5,"U",1.39077319337843
122,176,1.5,"U",1.44982039487539
122,177,1.5,"U",1.37198528434096
122,178,1.5,"U",2.52263429312596
122,179,1.5,"U",4.06456280345646
122,180,1.5,"U",3.84057795734364
122,181,1.5,"U",2.66235511816055
122,182,1.5,"U",1.60420683859564
122,183,1.5,"U",2.69270306117402
122,184,1.5,"U",2.53633338074768
122,185,1.5,"U",3.85451797373641
122,186,1.5,"U",1.99539064047788
122,187,1.5,"U",4.41031109749401
122,188,1.5,"U",1.42850141679122
122,189,1.5,"U",3.80897507287835
122,190,1.5,"U",1.60085464463227
122,191,1.5,"U",2.38772527159644
122,192,1.5,"U",2.1537014826517
122,193,1.5,"U",1.36259161755672
122,194,1.5,"U",1.48111221444307
122,195,1.5,"U",1.64066076884578
122,196,1.5,"U",2.43094511739397
122,197,1.5,"U",1.20075850746782
122,198,1.5,"U",1.50944679211405
122,199,1.5,"U",1.12526240627593
122,200,1.5,"U",1.50621502213842
123,151,1.5,"U",1.86126334896508
123,152,1.5,"U",1.43420189020993
123,153,1.5,"U",1.86899842611465
123,154,1.5,"U",1.91909306008291
123,155,1.5,"U",1.77609345834126
123,156,1.5,"U",1.1622420265301
123,157,1.5,"U",2.43664635366331
123,158,1.5,"U",1.17316109365347
123,159,1.5,"U",2.47920480449176
123,160,1.5,"U",2.02150537634409
123,161,1.5,"U",1.57784993842004
123,162,1.5,"U",2.0864914265313
123,163,1.5,"U",1.76826439811131
123,164,1.5,"U",1.32620569379113
123,165,1.5,"U",1.27307147782993
123,166,1.5,"U",1.08715449577957
123,167,1.5,"U",2.0692305071014
123,168,1.5,"U",1.51016210800209
123,169,1.5,"U",1.41040411420919
123,170,1.5,"U",1.56716022581761
123,171,1.5,"U",2.4599952371869
123,172,1.5,"U",2.57902332882184
123,173,1.5,"U",2.20491553604824
123,174,1.5,"U",1.1210259403843
123,175,1.5,"U",1.25803988597449
123,176,1.5,"U",1.57674635277996
123,177,1.5,"U",1.12999635899135
123,178,1.5,"U",1.97360348232627
123,179,1.5,"U",2.12839029941814
123,180,1.5,"U",2.05168527107548
123,181,1.5,"U",2.22854463519914
123,182,1.5,"U",1.27011837358688
123,183,1.5,"U",1.87383243301151
123,184,1.5,"U",1.41983154435899
123,185,1.5,"U",1.88546924062471
123,186,1.5,"U",1.09391514937508
123,187,1.5,"U",2.18591230449815
123,188,1.5,"U",1.14277786405553
123,189,1.5,"U",1.75564985632102
123,190,1.5,"U",1.40987867711713
123,191,1.5,"U",2.18440064272309
123,192,1.5,"U",1.24244112704918
123,193,1.5,"U",1.23448631474621
123,194,1.5,"U",1.13962078965917
123,195,1.5,"U",1.3219870811241
123,196,1.5,"U",1.6170643262044
123,197,1.5,"U",1.07786237910123
123,198,1.5,"U",1.49959237940758
123,199,1.5,"U",1.09227896970101
123,200,1.5,"U",1.23183424177699
124,151,1.5,"U",2.10408963401487
124,152,1.5,"U",4.23529411764706
124,153,1.5,"U",1.63918012904549
124,154,1.5,"U",2.17051735053809
124,155,1.5,"U",2.80071209240596
124,156,1.5,"U",1.2402625827197
124,157,1.5,"U",4.23489826613556
124,158,1.5,"U",1.25132147534065
124,159,1.5,"U",1.59081870851813
124,160,1.5,"U",1.43268626140056
124,161,1.5,"U",3.38191632928475
124,162,1.5,"U",2.54636266713765
124,163,1.5,"U",1.87404920112125
124,164,1.5,"U",1.46933369331999
124,165,1.5,"U",1.51814975530293
124,166,1.5,"U",1.13406578918977
124,167,1.5,"U",2.4096613973943
124,168,1.5,"U",1.49573841166103
124,169,1.5,"U",1.73605611500587
124,170,1.5,"U",1.45967902849305
124,171,1.5,"U",2.23034025830175
124,172,1.5,"U",3.00541757081198
124,173,1.5,"U",4.32970237291132
124,174,1.5,"U",1.31231393077415
124,175,1.5,"U",1.53549153373234
124,176,1.5,"U",1.26293956559148
124,177,1.5,"U",1.30989232028463
124,178,1.5,"U",2.16157444317499
124,179,1.5,"U",3.24612540083248
124,180,1.5,"U",2.3669209584452
124,181,1.5,"U",1.65038297790107
124,182,1.5,"U",1.42534189038127
124,183,1.5,"U",2.52482963175887
124,184,1.5,"U",1.67214731755639
124,185,1.5,"U",2.78590544933976
124,186,1.5,"U",1.13289670345721
124,187,1.5,"U",2.47252970917753
124,188,1.5,"U",1.30475214665418
124,189,1.5,"U",1.98048288042956
124,190,1.5,"U",1.71898001277361
124,191,1.5,"U",1.96144713260926
124,192,1.5,"U",1.89040291200721
124,193,1.5,"U",1.4993568974956
124,194,1.5,"U",1.38464113077985
124,195,1.5,"U",1.25534262013617
124,196,1.5,"U",2.01696292439496
124,197,1.5,"U",1.09721998038463
124,198,1.5,"U",1.2890124940231
124,199,1.5,"U",1.17759084445335
124,200,1.5,"U",1.58071768445831
125,151,1.5,"U",2.93255370917267
125,152,1.5,"U",3.30599904740005
125,153,1.5,"U",2.17031844385136
125,154,1.5,"U",2.80635809552077
125,155,1.5,"U",3.43504391370547
125,156,1.5,"U",1.58865026202759
125,157,1.5,"U",3.66062798201974
125,158,1.5,"U",1.60816196992067
125,159,1.5,"U",1.67728040165312
125,160,1.5,"U",2.74473234551404
125,161,1.5,"U",2.25512327274512
125,162,1.5,"U",3.23902785782524
125,163,1.5,"U",2.62213801600725
125,164,1.5,"U",1.46705532243708
125,165,1.5,"U",1.85823599325675
125,166,1.5,"U",1.30759359119544
125,167,1.5,"U",2.88497860818187
125,168,1.5,"U",2.66486908447056
125,169,1.5,"U",1.55759709767589
125,170,1.5,"U",1.48888932744548
125,171,1.5,"U",1.98595513940274
125,172,1.5,"U",2.84152848623238
125,173,1.5,"U",3.83239456890489
125,174,1.5,"U",1.35402368556577
125,175,1.5,"U",1.71429368556802
125,176,1.5,"U",1.67231168096955
125,177,1.5,"U",1.59466118171408
125,178,1.5,"U",3.30528444588184
125,179,1.5,"U",5.34422946398739
125,180,1.5,"U",2.88834323037439
125,181,1.5,"U",2.26284330189579
125,182,1.5,"U",1.80249639256015
125,183,1.5,"U",1.98984928045661
125,184,1.5,"U",2.6975957834873
125,185,1.5,"U",3.64808272641842
125,186,1.5,"U",1.36879428214063
125,187,1.5,"U",5.20664294171984
125,188,1.5,"U",1.40301344118188
125,189,1.5,"U",3.06437021006377
125,190,1.5,"U",1.72061092768843
125,191,1.5,"U",2.10433663131827
125,192,1.5,"U",2.10870833038071
125,193,1.5,"U",1.34809143762397
125,194,1.5,"U",1.41665463357867
125,195,1.5,"U",1.50395569752032
125,196,1.5,"U",2.08622401565023
125,197,1.5,"U",1.1916537874514
125,198,1.5,"U",1.53258466543683
125,199,1.5,"U",1.21610097262597
125,200,1.5,"U",1.88635455165015
126,151,1.5,"U",2.8576581100753
126,152,1.5,"U",3.5768752201412
126,153,1.5,"U",2.52370601752962
126,154,1.5,"U",3.66734945592728
126,155,1.5,"U",11.5006829551142
126,156,1.5,"U",1.69316890134479
126,157,1.5,"U",4.34814934756308
126,158,1.5,"U",2.00231041292536
126,159,1.5,"U",3.08874506694212
126,160,1.5,"U",1.90845209906052
126,161,1.5,"U",2.57986844536798
126,162,1.5,"U",6.05844152292294
126,163,1.5,"U",3.19570594247071
126,164,1.5,"U",2.20755014948383
126,165,1.5,"U",1.8497456318143
126,166,1.5,"U",1.40530226174328
126,167,1.5,"U",9.56308954765432
126,168,1.5,"U",3.28369806184299
126,169,1.5,"U",3.15655294997807
126,170,1.5,"U",1.76937871524589
126,171,1.5,"U",4.72658178273991
126,172,1.5,"U",3.88969253678369
126,173,1.5,"U",7.43969959794997
126,174,1.5,"U",1.70049308045604
126,175,1.5,"U",2.65675112406044
126,176,1.5,"U",1.63821102224059
126,177,1.5,"U",1.55547316786445
126,178,1.5,"U",4.98644728022269
126,179,1.5,"U",6.0314603498274
126,180,1.5,"U",2.49873503989355
126,181,1.5,"U",5.69734090013556
126,182,1.5,"U",1.78978427426955
126,183,1.5,"U",4.85263511495562
126,184,1.5,"U",2.53639844266304
126,185,1.5,"U",3.76712541020146
126,186,1.5,"U",1.31037662110854
126,187,1.5,"U",5.70943295373017
126,188,1.5,"U",2.73379617200451
126,189,1.5,"U",3.00717268916934
126,190,1.5,"U",2.25305726961226
126,191,1.5,"U",3.81570776882403
126,192,1.5,"U",1.85325476293006
126,193,1.5,"U",1.99012115422231
126,194,1.5,"U",2.31938656024336
126,195,1.5,"U",1.94694439196141
126,196,1.5,"U",1.92400954151507
126,197,1.5,"U",1.45534020897629
126,198,1.5,"U",1.81582779418271
126,199,1.5,"U",1.46452656574161
126,200,1.5,"U",1.97244147556652
127,151,1.5,"U",1.84712865389289
127,152,1.5,"U",2.62947811309595
127,153,1.5,"U",2.28648444316701
127,154,1.5,"U",4.23768156690848
127,155,1.5,"U",3.25433229397396
127,156,1.5,"U",1.37411318940012
127,157,1.5,"U",3.05326248162865
127,158,1.5,"U",1.18794888332484
127,159,1.5,"U",2.04593559914755
127,160,1.5,"U",1.43822152493714
127,161,1.5,"U",1.63148964401338
127,162,1.5,"U",4.32888104816304
127,163,1.5,"U",2.61799627005439
127,164,1.5,"U",1.93848548415281
127,165,1.5,"U",2.47220497122714
127,166,1.5,"U",1.10181854425737
127,167,1.5,"U",3.12489427989522
127,168,1.5,"U",1.84001979145979
127,169,1.5,"U",1.48074911175926
127,170,1.5,"U",1.30919890689712
127,171,1.5,"U",2.70158763792509
127,172,1.5,"U",2.89113435604613
127,173,1.5,"U",5.66246248536628
127,174,1.5,"U",1.32930227072907
127,175,1.5,"U",1.44932818151599
127,176,1.5,"U",1.1952711507066
127,177,1.5,"U",1.27881212794918
127,178,1.5,"U",2.53696978957043
127,179,1.5,"U",2.66245769813525
127,180,1.5,"U",2.25215882287257
127,181,1.5,"U",2.45597620023219
127,182,1.5,"U",2.72316384180791
127,183,1.5,"U",2.52225097402176
127,184,1.5,"U",1.84644928431403
127,185,1.5,"U",2.4133928016069
127,186,1.5,"U",1.55365603892317
127,187,1.5,"U",4.12794769110922
127,188,1.5,"U",1.34847858392464
127,189,1.5,"U",2.5712423142841
127,190,1.5,"U",1.55301912399154
127,191,1.5,"U",2.01771466115679
127,192,1.5,"U",1.33477099490909
127,193,1.5,"U",1.27808892580973
127,194,1.5,"U",1.31000585625213
127,195,1.5,"U",1.50856657491302
127,196,1.5,"U",1.78941145342227
127,197,1.5,"U",1.24942498080097
127,198,1.5,"U",1.97911425152972
127,199,1.5,"U",1.18742416920582
127,200,1.5,"U",1.46351305567192
128,151,1.5,"U",1.68853623155425
128,152,1.5,"U",1.35035844751402
128,153,1.5,"U",1.52935236973484
128,154,1.5,"U",1.87056934007591
128,155,1.5,"U",4.0648463854609
128,156,1.5,"U",1.12947764338435
128,157,1.5,"U",2.499457251568
128,158,1.5,"U",1.0832920582599
128,159,1.5,"U",1.43014283142851
128,160,1.5,"U",1.39567539055383
128,161,1.5,"U",1.55750278538989
128,162,1.5,"U",3.00656297955802
128,163,1.5,"U",2.11261054602128
128,164,1.5,"U",1.24495064107992
128,165,1.5,"U",1.3141951455737
128,166,1.5,"U",1.15838415939974
128,167,1.5,"U",1.82349503262005
128,168,1.5,"U",1.92553791232684
128,169,1.5,"U",1.19703244471792
128,170,1.5,"U",1.17067025078761
128,171,1.5,"U",3.31357072451171
128,172,1.5,"U",2.30998320880726
128,173,1.5,"U",6.26678414862676
128,174,1.5,"U",1.20288128246437
128,175,1.5,"U",1.21716991534976
128,176,1.5,"U",1.16392869119291
128,177,1.5,"U",1.27028677635031
128,178,1.5,"U",1.73419893398183
128,179,1.5,"U",1.92100021852895
128,180,1.5,"U",1.43547277876672
128,181,1.5,"U",1.6043334095477
128,182,1.5,"U",1.26489684516227
128,183,1.5,"U",2.57815909855702
128,184,1.5,"U",1.47050325474149
128,185,1.5,"U",2.89806623568776
128,186,1.5,"U",1.11669643518941
128,187,1.5,"U",2.86033895202114
128,188,1.5,"U",1.22686782326594
128,189,1.5,"U",1.80402746376662
128,190,1.5,"U",1.40255825442458
128,191,1.5,"U",1.46194535285695
128,192,1.5,"U",1.40440317115988
128,193,1.5,"U",1.20209508422831
128,194,1.5,"U",1.23951490598221
128,195,1.5,"U",1.16121605415805
128,196,1.5,"U",1.56400555280571
128,197,1.5,"U",1.05147137652317
128,198,1.5,"U",1.21801003491058
128,199,1.5,"U",1.15939110466188
128,200,1.5,"U",1.41389445367146
129,151,1.5,"U",1.59639802552752
129,152,1.5,"U",2.10801043739577
129,153,1.5,"U",1.5865364173589
129,154,1.5,"U",2.79120776889487
129,155,1.5,"U",2.57693472046716
129,156,1.5,"U",1.44450534030654
129,157,1.5,"U",1.85152986391203
129,158,1.5,"U",1.09390373851001
129,159,1.5,"U",1.43584669374508
129,160,1.5,"U",1.21960722078186
129,161,1.5,"U",1.5680375417092
129,162,1.5,"U",2.99279751538081
129,163,1.5,"U",1.63415937404461
129,164,1.5,"U",1.74921612306228
129,165,1.5,"U",1.30644787764044
129,166,1.5,"U",1.0379049487358
129,167,1.5,"U",1.53873821536483
129,168,1.5,"U",1.31986636592974
129,169,1.5,"U",1.24550630418813
129,170,1.5,"U",1.23824815626851
129,171,1.5,"U",2.20286282657201
129,172,1.5,"U",1.99653287367506
129,173,1.5,"U",2.34707821123352
129,174,1.5,"U",1.25680227616111
129,175,1.5,"U",1.28259070214642
129,176,1.5,"U",1.13230927528345
129,177,1.5,"U",1.26295107535083
129,178,1.5,"U",1.79380373149
129,179,1.5,"U",2.17245243707362
129,180,1.5,"U",1.97742678172436
129,181,1.5,"U",1.5502270668226
129,182,1.5,"U",1.46424579864796
129,183,1.5,"U",1.83763771770716
129,184,1.5,"U",1.45306279943406
129,185,1.5,"U",2.50900932995384
129,186,1.5,"U",1.13453546524697
129,187,1.5,"U",3.90703563139834
129,188,1.5,"U",1.19872421496587
129,189,1.5,"U",1.6469660382466
129,190,1.5,"U",1.58584003622202
129,191,1.5,"U",3.18078478126836
129,192,1.5,"U",1.22442203259
129,193,1.5,"U",1.18880956670509
129,194,1.5,"U",1.22889297377668
129,195,1.5,"U",1.15797196107609
129,196,1.5,"U",1.41176795511401
129,197,1.5,"U",1.16624317216341
129,198,1.5,"U",1.25671083542011
129,199,1.5,"U",1.10779435694522
129,200,1.5,"U",1.35967646172579
130,151,1.5,"U",2.94344163658243
130,152,1.5,"U",1.81735538178901
130,153,1.5,"U",1.61067262938374
130,154,1.5,"U",1.7827323374493
130,155,1.5,"U",2.52839399913931
130,156,1.5,"U",1.13013314614244
130,157,1.5,"U",2.19730970154543
130,158,1.5,"U",1.40372670807453
130,159,1.5,"U",1.95903699029968
130,160,1.5,"U",1.2155748435127
130,161,1.5,"U",1.90396183732662
130,162,1.5,"U",1.85308172363113
130,163,1.5,"U",1.59422456403532
130,164,1.5,"U",1.15853405471317
130,165,1.5,"U",1.31602017513089
130,166,1.5,"U",1.05226487891222
130,167,1.5,"U",1.8889139953116
130,168,1.5,"U",1.29835321053357
130,169,1.5,"U",1.27658573909154
130,170,1.5,"U",1.16434805790012
130,171,1.5,"U",2.34778757128576
130,172,1.5,"U",2.00513054318541
130,173,1.5,"U",3.4246853415505
130,174,1.5,"U",1.12798593209366
130,175,1.5,"U",1.1322341397852
130,176,1.5,"U",1.13185166621316
130,177,1.5,"U",1.35741880898562
130,178,1.5,"U",2.01014045772681
130,179,1.5,"U",1.95246534342813
130,180,1.5,"U",1.47583961993488
130,181,1.5,"U",1.65384355110069
130,182,1.5,"U",1.48224028914845
130,183,1.5,"U",2.27933372059852
130,184,1.5,"U",1.26154214299531
130,185,1.5,"U",1.90897142914438
130,186,1.5,"U",1.08847204747589
130,187,1.5,"U",2.06363330440559
130,188,1.5,"U",1.10247991831179
130,189,1.5,"U",1.42635227356322
130,190,1.5,"U",1.20906787908594
130,191,1.5,"U",1.61205222529183
130,192,1.5,"U",1.20524330908844
130,193,1.5,"U",1.17991222746627
130,194,1.5,"U",1.13338021941436
130,195,1.5,"U",1.13512243975894
130,196,1.5,"U",1.40586898427695
130,197,1.5,"U",1.04815899050405
130,198,1.5,"U",1.20502064325081
130,199,1.5,"U",1.06662816054678
130,200,1.5,"U",1.20187464049006
131,151,1.5,"U",2.89474821898995
131,152,1.5,"U",2.07480586171589
131,153,1.5,"U",2.36705232501917
131,154,1.5,"U",5.29410355255346
131,155,1.5,"U",2.93218005665753
131,156,1.5,"U",1.47031739793452
131,157,1.5,"U",3.21688980951246
131,158,1.5,"U",1.45905674756726
131,159,1.5,"U",1.83780235235874
131,160,1.5,"U",1.27628266396372
131,161,1.5,"U",4.1702181113962
131,162,1.5,"U",3.34725134080915
131,163,1.5,"U",3.64183160151456
131,164,1.5,"U",1.61958427406455
131,165,1.5,"U",1.68087382043846
131,166,1.5,"U",1.31379173702308
131,167,1.5,"U",4.01646960066967
131,168,1.5,"U",2.03812599462223
131,169,1.5,"U",1.76527182527056
131,170,1.5,"U",1.84288835379905
131,171,1.5,"U",2.57410186631055
131,172,1.5,"U",6.841739817722
131,173,1.5,"U",5.35011598379576
131,174,1.5,"U",1.238960307998
131,175,1.5,"U",1.41642114197182
131,176,1.5,"U",1.33755415358677
131,177,1.5,"U",1.68422919403145
131,178,1.5,"U",4.1611774636582
131,179,1.5,"U",5.01910878626178
131,180,1.5,"U",2.8112684308909
131,181,1.5,"U",2.74995860246299
131,182,1.5,"U",2.21719103349028
131,183,1.5,"U",2.7300134100389
131,184,1.5,"U",4.5146804835924
131,185,1.5,"U",4.48601772332849
131,186,1.5,"U",1.2151366598915
131,187,1.5,"U",3.99495261280591
131,188,1.5,"U",1.83421682538801
131,189,1.5,"U",2.15317682159561
131,190,1.5,"U",1.85266916346492
131,191,1.5,"U",2.65353008967619
131,192,1.5,"U",1.30989626719558
131,193,1.5,"U",1.46792286262518
131,194,1.5,"U",1.44400846546304
131,195,1.5,"U",1.76656193495759
131,196,1.5,"U",1.83858665330896
131,197,1.5,"U",1.26513061411443
131,198,1.5,"U",1.50274054220443
131,199,1.5,"U",1.25281009935097
131,200,1.5,"U",1.87211939093343
132,151,1.5,"U",1.14364863971821
132,152,1.5,"U",1.10600211787602
132,153,1.5,"U",1.08279252905605
132,154,1.5,"U",1.20455036636685
132,155,1.5,"U",1.32174883416156
132,156,1.5,"U",1.03568857599957
132,157,1.5,"U",1.29829802845178
132,158,1.5,"U",1.01256174391859
132,159,1.5,"U",1.09746552864555
132,160,1.5,"U",1.03994220514212
132,161,1.5,"U",1.06090865479661
132,162,1.5,"U",1.26230254137481
132,163,1.5,"U",1.21424424752397
132,164,1.5,"U",1.03644382142434
132,165,1.5,"U",1.06259454796224
132,166,1.5,"U",1.01715713463911
132,167,1.5,"U",1.18111132101377
132,168,1.5,"U",1.0812432812952
132,169,1.5,"U",1.04442892072047
132,170,1.5,"U",1.03625311887288
132,171,1.5,"U",1.17613316688424
132,172,1.5,"U",1.19502058202794
132,173,1.5,"U",1.26648171022968
132,174,1.5,"U",1.02638891150419
132,175,1.5,"U",1.04316114169119
132,176,1.5,"U",1.0495994501253
132,177,1.5,"U",1.02731402946121
132,178,1.5,"U",1.1007763096459
132,179,1.5,"U",2.17424242424242
132,180,1.5,"U",1.24152662970927
132,181,1.5,"U",1.08941316734703
132,182,1.5,"U",1.06277849113387
132,183,1.5,"U",1.15366478203739
132,184,1.5,"U",1.05927730601051
132,185,1.5,"U",1.21107968741865
132,186,1.5,"U",1.01649282520052
132,187,1.5,"U",1.31161832192914
132,188,1.5,"U",1.03295842991676
132,189,1.5,"U",1.20429048234936
132,190,1.5,"U",1.094378674204
132,191,1.5,"U",1.104120869113
132,192,1.5,"U",1.03624468621937
132,193,1.5,"U",1.02538241740318
132,194,1.5,"U",1.03856449283852
132,195,1.5,"U",1.03180317670246
132,196,1.5,"U",1.07465755110297
132,197,1.5,"U",1.01322155052107
132,198,1.5,"U",1.04821989988652
132,199,1.5,"U",1.00655446955363
132,200,1.5,"U",1.03705602932696
133,151,1.5,"U",1.86884614148471
133,152,1.5,"U",1.51289569389839
133,153,1.5,"U",2.14485663731112
133,154,1.5,"U",2.70479380780151
133,155,1.5,"U",2.12762381836431
133,156,1.5,"U",1.12442094632843
133,157,1.5,"U",2.42877307494201
133,158,1.5,"U",1.15578128309255
133,159,1.5,"U",1.76285361012289
133,160,1.5,"U",1.8974358974359
133,161,1.5,"U",1.39862458804867
133,162,1.5,"U",2.32164918041112
133,163,1.5,"U",3.18652188462983
133,164,1.5,"U",1.23893805674908
133,165,1.5,"U",1.30938322745415
133,166,1.5,"U",1.11033637620559
133,167,1.5,"U",2.71936453106646
133,168,1.5,"U",1.62797677192541
133,169,1.5,"U",1.25020115186406
133,170,1.5,"U",1.34282979978732
133,171,1.5,"U",1.70295675267645
133,172,1.5,"U",2.89014712397726
133,173,1.5,"U",3.36735355186328
133,174,1.5,"U",1.387335848348
133,175,1.5,"U",1.31052950490226
133,176,1.5,"U",1.2859743666001
133,177,1.5,"U",1.36918082806142
133,178,1.5,"U",3.75882494624323
133,179,1.5,"U",2.7875954020134
133,180,1.5,"U",1.85260346725587
133,181,1.5,"U",1.70696147289783
133,182,1.5,"U",1.42564746913331
133,183,1.5,"U",2.8528138790286
133,184,1.5,"U",1.35790370634217
133,185,1.5,"U",2.55874410001728
133,186,1.5,"U",1.20858947972171
133,187,1.5,"U",2.08491448016448
133,188,1.5,"U",1.51739757477659
133,189,1.5,"U",2.41554817638873
133,190,1.5,"U",1.74163731050428
133,191,1.5,"U",1.77421869334287
133,192,1.5,"U",1.22053668540662
133,193,1.5,"U",1.26688731316277
133,194,1.5,"U",1.42506512709753
133,195,1.5,"U",1.20524936533701
133,196,1.5,"U",1.45206155598542
133,197,1.5,"U",1.26223641717367
133,198,1.5,"U",1.44941143509014
133,199,1.5,"U",1.11198375619508
133,200,1.5,"U",1.55529966552999
134,151,1.5,"U",2.06897840313128
134,152,1.5,"U",1.67038497149426
134,153,1.5,"U",1.69606255514977
134,154,1.5,"U",2.42780248381141
134,155,1.5,"U",3.08372136704773
134,156,1.5,"U",1.27088359987893
134,157,1.5,"U",3.01315797268961
134,158,1.5,"U",1.25805855936555
134,159,1.5,"U",1.68833314010652
134,160,1.5,"U",1.32388721377235
134,161,1.5,"U",1.86318620379537
134,162,1.5,"U",4.19409845314364
134,163,1.5,"U",1.9941680280002
134,164,1.5,"U",1.40829290199309
134,165,1.5,"U",1.62291474895918
134,166,1.5,"U",1.09330379415872
134,167,1.5,"U",2.93298544840892
134,168,1.5,"U",2.18305668327837
134,169,1.5,"U",1.52499475795755
134,170,1.5,"U",1.19557393785945
134,171,1.5,"U",2.04575412337195
134,172,1.5,"U",2.99940664871997
134,173,1.5,"U",3.24702853019331
134,174,1.5,"U",1.22461537727693
134,175,1.5,"U",1.53464138373939
134,176,1.5,"U",1.42656280239001
134,177,1.5,"U",1.75715730102779
134,178,1.5,"U",2.24753348271976
134,179,1.5,"U",3.2206451709651
134,180,1.5,"U",3.26934646383183
134,181,1.5,"U",1.78560322180102
134,182,1.5,"U",1.44655484452638
134,183,1.5,"U",2.80165194246634
134,184,1.5,"U",1.53125158002385
134,185,1.5,"U",2.12917946648699
134,186,1.5,"U",1.11952255620576
134,187,1.5,"U",3.04543064996686
134,188,1.5,"U",1.18948318688072
134,189,1.5,"U",1.77752430996621
134,190,1.5,"U",1.63384014237573
134,191,1.5,"U",1.79810673198808
134,192,1.5,"U",1.27016600697196
134,193,1.5,"U",1.3510134876292
134,194,1.5,"U",1.40110103788557
134,195,1.5,"U",1.2258472905501
134,196,1.5,"U",1.94615665750117
134,197,1.5,"U",1.17247258707315
134,198,1.5,"U",1.33030926476503
134,199,1.5,"U",1.16765983314723
134,200,1.5,"U",1.53222785565942
135,151,1.5,"U",2.85746493852264
135,152,1.5,"U",1.95388156789508
135,153,1.5,"U",2.48408797387626
135,154,1.5,"U",4.64255447511888
135,155,1.5,"U",3.04023641983148
135,156,1.5,"U",1.46421764836025
135,157,1.5,"U",3.20888928460428
135,158,1.5,"U",1.54056640688377
135,159,1.5,"U",2.39718588931077
135,160,1.5,"U",1.68616310764972
135,161,1.5,"U",2.58750397412585
135,162,1.5,"U",15.856147603416
135,163,1.5,"U",3.57145161980142
135,164,1.5,"U",1.86291264124635
135,165,1.5,"U",1.87795162364691
135,166,1.5,"U",1.18185664686539
135,167,1.5,"U",4.07072265540857
135,168,1.5,"U",2.15422977086034
135,169,1.5,"U",2.35456769268129
135,170,1.5,"U",1.73573023900298
135,171,1.5,"U",2.56079251244543
135,172,1.5,"U",10.4939903522432
135,173,1.5,"U",10.5562150969636
135,174,1.5,"U",1.57152569792127
135,175,1.5,"U",1.90508353956059
135,176,1.5,"U",1.47111286647945
135,177,1.5,"U",1.86626353580334
135,178,1.5,"U",3.0876276543422
135,179,1.5,"U",3.78715515088202
135,180,1.5,"U",3.34608092175905
135,181,1.5,"U",5.02149264985118
135,182,1.5,"U",2.09719538302773
135,183,1.5,"U",4.53924389495398
135,184,1.5,"U",4.60779566352343
135,185,1.5,"U",3.77409534174539
135,186,1.5,"U",1.18280689370925
135,187,1.5,"U",6.38347071182082
135,188,1.5,"U",1.96689588028609
135,189,1.5,"U",3.44621264949631
135,190,1.5,"U",1.76112796805531
135,191,1.5,"U",2.86074062352566
135,192,1.5,"U",1.74093481555014
135,193,1.5,"U",1.47164154391899
135,194,1.5,"U",2.44485828714825
135,195,1.5,"U",2.41485488162226
135,196,1.5,"U",2.17004391185957
135,197,1.5,"U",1.42380017179981
135,198,1.5,"U",1.66706693659908
135,199,1.5,"U",1.2721939649314
135,200,1.5,"U",2.498857584629
136,151,1.5,"U",1.60167523410721
136,152,1.5,"U",1.64323198285761
136,153,1.5,"U",1.67509567358172
136,154,1.5,"U",2.13267884572911
136,155,1.5,"U",2.99922041697654
136,156,1.5,"U",1.17015931232013
136,157,1.5,"U",3.30596585888578
136,158,1.5,"U",1.46467962820155
136,159,1.5,"U",2.13850941957035
136,160,1.5,"U",1.29651459679542
136,161,1.5,"U",1.35415579834166
136,162,1.5,"U",2.54539055513518
136,163,1.5,"U",2.03011915469618
136,164,1.5,"U",1.39509951193803
136,165,1.5,"U",1.3063464795753
136,166,1.5,"U",1.08298489202254
136,167,1.5,"U",1.80904167012238
136,168,1.5,"U",1.97249441937421
136,169,1.5,"U",1.23234962124478
136,170,1.5,"U",1.14762583656139
136,171,1.5,"U",1.95215470228447
136,172,1.5,"U",3.94551659149877
136,173,1.5,"U",2.89730428531434
136,174,1.5,"U",1.18413265606115
136,175,1.5,"U",1.28631473081504
136,176,1.5,"U",1.61643835616438
136,177,1.5,"U",1.37889092441199
136,178,1.5,"U",1.69131824400377
136,179,1.5,"U",2.55551539145156
136,180,1.5,"U",2.36006096564975
136,181,1.5,"U",1.79275729132898
136,182,1.5,"U",1.17977165791599
136,183,1.5,"U",1.89091557579254
136,184,1.5,"U",1.45405624690668
136,185,1.5,"U",2.4415373765329
136,186,1.5,"U",1.08742492613618
136,187,1.5,"U",3.62283487802975
136,188,1.5,"U",1.19807784813566
136,189,1.5,"U",1.62737744203073
136,190,1.5,"U",1.37443689145482
136,191,1.5,"U",1.64952134670232
136,192,1.5,"U",1.2119653458189
136,193,1.5,"U",1.32507630608136
136,194,1.5,"U",1.31758482631566
136,195,1.5,"U",1.68020840756953
136,196,1.5,"U",1.44177824215493
136,197,1.5,"U",1.06291481269983
136,198,1.5,"U",1.36745227174687
136,199,1.5,"U",1.18574690155197
136,200,1.5,"U",1.38919162588042
137,151,1.5,"U",1.74803495998158
137,152,1.5,"U",2.19387977369695
137,153,1.5,"U",1.5796573397926
137,154,1.5,"U",2.02550748253155
137,155,1.5,"U",4.74249897984755
137,156,1.5,"U",1.51185088261107
137,157,1.5,"U",1.9870168908306
137,158,1.5,"U",1.2550827077841
137,159,1.5,"U",1.71740763749124
137,160,1.5,"U",1.27607045736877
137,161,1.5,"U",1.52424845421131
137,162,1.5,"U",2.54670207791179
137,163,1.5,"U",2.21419357814184
137,164,1.5,"U",1.34204358080722
137,165,1.5,"U",1.53670141088148
137,166,1.5,"U",1.18440133735031
137,167,1.5,"U",2.24475995005295
137,168,1.5,"U",1.44044287831661
137,169,1.5,"U",1.94313957427395
137,170,1.5,"U",1.40567935722176
137,171,1.5,"U",2.45892277053088
137,172,1.5,"U",2.62414914836329
137,173,1.5,"U",3.65534097224532
137,174,1.5,"U",1.23050006019095
137,175,1.5,"U",1.43105319221954
137,176,1.5,"U",1.2386635539339
137,177,1.5,"U",1.35617922589681
137,178,1.5,"U",2.01474942703709
137,179,1.5,"U",3.60076384853058
137,180,1.5,"U",1.88640354212964
137,181,1.5,"U",1.73996777248754
137,182,1.5,"U",1.60496331984253
137,183,1.5,"U",2.19297069831986
137,184,1.5,"U",1.34738522642148
137,185,1.5,"U",4.43524573848137
137,186,1.5,"U",1.21666793014702
137,187,1.5,"U",3.42078967375388
137,188,1.5,"U",1.23405274637618
137,189,1.5,"U",1.85270985646
137,190,1.5,"U",1.74023010500997
137,191,1.5,"U",2.0633279867563
137,192,1.5,"U",1.3086235861346
137,193,1.5,"U",1.33019630502993
137,194,1.5,"U",1.22649571079397
137,195,1.5,"U",1.30292096129537
137,196,1.5,"U",1.49396274599189
137,197,1.5,"U",1.14650055965931
137,198,1.5,"U",1.33292873347585
137,199,1.5,"U",1.12523732880448
137,200,1.5,"U",1.58718471683289
138,151,1.5,"U",1.7808960173262
138,152,1.5,"U",1.39280156722522
138,153,1.5,"U",1.63106453760867
138,154,1.5,"U",2.33577412622202
138,155,1.5,"U",1.74265483673937
138,156,1.5,"U",1.44749823819591
138,157,1.5,"U",2.17542172649014
138,158,1.5,"U",1.17063423087926
138,159,1.5,"U",2.51804670912951
138,160,1.5,"U",1.25700829030147
138,161,1.5,"U",1.4279528478882
138,162,1.5,"U",2.33330400320019
138,163,1.5,"U",1.51486550210347
138,164,1.5,"U",1.24030436575012
138,165,1.5,"U",1.26856389675117
138,166,1.5,"U",1.06046517662213
138,167,1.5,"U",1.93303218387928
138,168,1.5,"U",1.45018766032179
138,169,1.5,"U",1.19289168083385
138,170,1.5,"U",1.1813711180039
138,171,1.5,"U",2.59364391460423
138,172,1.5,"U",1.75572542269363
138,173,1.5,"U",2.86184638671409
138,174,1.5,"U",1.22026790522546
138,175,1.5,"U",1.17802466988311
138,176,1.5,"U",1.07787047048014
138,177,1.5,"U",1.30201344406548
138,178,1.5,"U",1.84136586492037
138,179,1.5,"U",2.82014753765816
138,180,1.5,"U",2.54569109657832
138,181,1.5,"U",2.48736622199183
138,182,1.5,"U",1.28009106009337
138,183,1.5,"U",1.86289903714774
138,184,1.5,"U",1.21948589286312
138,185,1.5,"U",1.89223157987764
138,186,1.5,"U",1.0514878309795
138,187,1.5,"U",3.14821157716199
138,188,1.5,"U",1.08967690664598
138,189,1.5,"U",1.48410321713893
138,190,1.5,"U",1.4009271626596
138,191,1.5,"U",1.69682522590367
138,192,1.5,"U",1.13462472862267
138,193,1.5,"U",1.21364285830148
138,194,1.5,"U",1.22724820542686
138,195,1.5,"U",1.63748079877112
138,196,1.5,"U",1.59978095950092
138,197,1.5,"U",1.15093391858614
138,198,1.5,"U",1.20687608419509
138,199,1.5,"U",1.05441573989888
138,200,1.5,"U",1.19917250575316
139,151,1.5,"U",2.30710586160363
139,152,1.5,"U",1.94563812020179
139,153,1.5,"U",1.59733740385599
139,154,1.5,"U",2.78858120798217
139,155,1.5,"U",2.88340786038113
139,156,1.5,"U",1.38062060925152
139,157,1.5,"U",2.33985556230063
139,158,1.5,"U",1.30712491686773
139,159,1.5,"U",1.71519435515515
139,160,1.5,"U",1.279515994466
139,161,1.5,"U",1.45548057970199
139,162,1.5,"U",4.59100898844363
139,163,1.5,"U",2.89764848099544
139,164,1.5,"U",1.40674549556425
139,165,1.5,"U",1.40952803110953
139,166,1.5,"U",1.15645852936918
139,167,1.5,"U",1.82911022590305
139,168,1.5,"U",1.64409445110826
139,169,1.5,"U",1.73905311591803
139,170,1.5,"U",1.29645617554157
139,171,1.5,"U",2.20759796939761
139,172,1.5,"U",3.99091358083945
139,173,1.5,"U",3.86460056181048
139,174,1.5,"U",1.25405793153127
139,175,1.5,"U",1.49025042688128
139,176,1.5,"U",1.80712631032888
139,177,1.5,"U",1.54152144823137
139,178,1.5,"U",2.63653228346626
139,179,1.5,"U",2.8491145368714
139,180,1.5,"U",2.69499516852167
139,181,1.5,"U",1.87626182732448
139,182,1.5,"U",2.09528021788957
139,183,1.5,"U",2.15595120311579
139,184,1.5,"U",1.44970139125691
139,185,1.5,"U",2.77356677512974
139,186,1.5,"U",1.41827890169879
139,187,1.5,"U",2.97486232173582
139,188,1.5,"U",1.37301628387948
139,189,1.5,"U",4.18770226537217
139,190,1.5,"U",1.61654736831189
139,191,1.5,"U",1.87834127987982
139,192,1.5,"U",1.53067523742566
139,193,1.5,"U",2.08374891741704
139,194,1.5,"U",1.23254686363653
139,195,1.5,"U",1.38156195882895
139,196,1.5,"U",1.54875709019098
139,197,1.5,"U",1.11299454851729
139,198,1.5,"U",1.34119651700122
139,199,1.5,"U",1.11424392559
139,200,1.5,"U",1.40538458968556
140,151,1.5,"U",2.64658986192178
140,152,1.5,"U",1.82370510551405
140,153,1.5,"U",2.21968966119736
140,154,1.5,"U",2.11758215037728
140,155,1.5,"U",3.07491075824502
140,156,1.5,"U",1.2434049167837
140,157,1.5,"U",3.66343202672766
140,158,1.5,"U",1.35256087574341
140,159,1.5,"U",1.81841066186622
140,160,1.5,"U",1.53186242069579
140,161,1.5,"U",1.69036387287317
140,162,1.5,"U",6.6814419999951
140,163,1.5,"U",3.75341282299131
140,164,1.5,"U",1.40401613423675
140,165,1.5,"U",1.48905577864619
140,166,1.5,"U",1.1855095529737
140,167,1.5,"U",2.37965594931674
140,168,1.5,"U",1.89720800456222
140,169,1.5,"U",1.53997173153113
140,170,1.5,"U",1.39635922148294
140,171,1.5,"U",3.80822844616179
140,172,1.5,"U",2.65049633779148
140,173,1.5,"U",6.33527381090453
140,174,1.5,"U",1.5395718727391
140,175,1.5,"U",2.33737993667398
140,176,1.5,"U",1.51400077415669
140,177,1.5,"U",1.6012815846152
140,178,1.5,"U",3.12170432091801
140,179,1.5,"U",10.5692883895131
140,180,1.5,"U",2.70094802810739
140,181,1.5,"U",1.98054178621317
140,182,1.5,"U",1.45392518609596
140,183,1.5,"U",2.39025175066338
140,184,1.5,"U",1.93302062643389
140,185,1.5,"U",2.31688952731436
140,186,1.5,"U",1.20070790231561
140,187,1.5,"U",4.31562655625632
140,188,1.5,"U",1.43417735968662
140,189,1.5,"U",2.61217328589382
140,190,1.5,"U",1.4886479579465
140,191,1.5,"U",3.32676823104633
140,192,1.5,"U",1.27748847227056
140,193,1.5,"U",1.98109879433271
140,194,1.5,"U",1.72673560337103
140,195,1.5,"U",2.35283812781665
140,196,1.5,"U",1.999386129361
140,197,1.5,"U",1.15726564887131
140,198,1.5,"U",1.39202395182953
140,199,1.5,"U",1.23826989089181
140,200,1.5,"U",1.78966741359671
141,151,1.5,"U",1.37895043281258
141,152,1.5,"U",1.45880008139846
141,153,1.5,"U",1.28941985643542
141,154,1.5,"U",1.67911859580558
141,155,1.5,"U",1.77335370498354
141,156,1.5,"U",1.16646504005509
141,157,1.5,"U",1.4902135034944
141,158,1.5,"U",1.12532877999771
141,159,1.5,"U",1.44807532128913
141,160,1.5,"U",1.29649925112734
141,161,1.5,"U",1.84281061619572
141,162,1.5,"U",2.23872265553458
141,163,1.5,"U",2.08733159638717
141,164,1.5,"U",1.3292719624556
141,165,1.5,"U",1.1882405147488
141,166,1.5,"U",1.04407833907593
141,167,1.5,"U",1.48223051179451
141,168,1.5,"U",1.21174680819249
141,169,1.5,"U",1.17698311015562
141,170,1.5,"U",1.12824423247401
141,171,1.5,"U",1.34317751579738
141,172,1.5,"U",2.21840435619325
141,173,1.5,"U",1.83147084312551
141,174,1.5,"U",1.14121901686952
141,175,1.5,"U",1.32652966409092
141,176,1.5,"U",1.06631825683169
141,177,1.5,"U",1.2623399651957
141,178,1.5,"U",1.58360463697392
141,179,1.5,"U",3.37775138794732
141,180,1.5,"U",2.2492456516665
141,181,1.5,"U",1.93008047430833
141,182,1.5,"U",1.25612028420361
141,183,1.5,"U",1.60800835220802
141,184,1.5,"U",1.4181673432993
141,185,1.5,"U",1.74050691052151
141,186,1.5,"U",1.09098938789076
141,187,1.5,"U",2.05459036679626
141,188,1.5,"U",1.10046579059477
141,189,1.5,"U",1.37439506257796
141,190,1.5,"U",1.48312627716152
141,191,1.5,"U",1.36375098893678
141,192,1.5,"U",1.26867967272454
141,193,1.5,"U",1.11443231704414
141,194,1.5,"U",1.21785286827492
141,195,1.5,"U",1.18164554603836
141,196,1.5,"U",1.92400690846287
141,197,1.5,"U",1.03653584369972
141,198,1.5,"U",1.10774900938369
141,199,1.5,"U",1.0499084955379
141,200,1.5,"U",1.27707278073003
142,151,1.5,"U",3.69250183462658
142,152,1.5,"U",2.19449068914782
142,153,1.5,"U",3.1772612623168
142,154,1.5,"U",2.48791925064881
142,155,1.5,"U",2.63442258621095
142,156,1.5,"U",1.34679102712228
142,157,1.5,"U",6.65336573638761
142,158,1.5,"U",1.31748188310797
142,159,1.5,"U",1.91515989351432
142,160,1.5,"U",1.42196650819002
142,161,1.5,"U",1.90054305346489
142,162,1.5,"U",3.41843891296794
142,163,1.5,"U",2.7097773647151
142,164,1.5,"U",1.44406116299647
142,165,1.5,"U",1.52459460362705
142,166,1.5,"U",1.102128457835
142,167,1.5,"U",2.5905983475087
142,168,1.5,"U",1.67743088592019
142,169,1.5,"U",1.52511206080182
142,170,1.5,"U",1.42380547843865
142,171,1.5,"U",2.25261825276612
142,172,1.5,"U",2.87308052151315
142,173,1.5,"U",2.77966243892383
142,174,1.5,"U",1.37627667698696
142,175,1.5,"U",1.38161951228421
142,176,1.5,"U",1.26751900400097
142,177,1.5,"U",1.43243293624891
142,178,1.5,"U",1.94040218853337
142,179,1.5,"U",3.40686593186091
142,180,1.5,"U",2.67317837718195
142,181,1.5,"U",3.00316228289292
142,182,1.5,"U",1.53693488727063
142,183,1.5,"U",2.46491049561184
142,184,1.5,"U",2.11180745281022
142,185,1.5,"U",3.44785021506175
142,186,1.5,"U",1.12594944383686
142,187,1.5,"U",9.43434343434343
142,188,1.5,"U",1.25501792345322
142,189,1.5,"U",1.72982372599224
142,190,1.5,"U",2.34377682282555
142,191,1.5,"U",3.50803446288011
142,192,1.5,"U",1.73737518131303
142,193,1.5,"U",2.21328988390646
142,194,1.5,"U",1.41695970794463
142,195,1.5,"U",1.2284249938289
142,196,1.5,"U",1.64317372518314
142,197,1.5,"U",1.13187124259666
142,198,1.5,"U",1.37240832301751
142,199,1.5,"U",1.23757359734997
142,200,1.5,"U",1.76503827081477
143,151,1.5,"U",2.40524115360411
143,152,1.5,"U",3.46246943310929
143,153,1.5,"U",5.14728682170543
143,154,1.5,"U",2.8526501974201
143,155,1.5,"U",3.36295881622174
143,156,1.5,"U",1.38820166385209
143,157,1.5,"U",3.72048382488981
143,158,1.5,"U",1.40471550214203
143,159,1.5,"U",2.35537367571878
143,160,1.5,"U",1.79843544827293
143,161,1.5,"U",1.8206602286712
143,162,1.5,"U",4.12212599035854
143,163,1.5,"U",3.75278778537325
143,164,1.5,"U",1.91364158787196
143,165,1.5,"U",1.73866779017627
143,166,1.5,"U",1.2683215338038
143,167,1.5,"U",3.38945726071504
143,168,1.5,"U",3.26389696834319
143,169,1.5,"U",1.69033470406542
143,170,1.5,"U",1.56785745818922
143,171,1.5,"U",2.0616721823709
143,172,1.5,"U",5.030217110658
143,173,1.5,"U",4.56765359785848
143,174,1.5,"U",1.87354201157214
143,175,1.5,"U",2.03252151374914
143,176,1.5,"U",1.4418375344627
143,177,1.5,"U",2.05422058823847
143,178,1.5,"U",3.09244411624982
143,179,1.5,"U",4.90469116421979
143,180,1.5,"U",2.55703681627777
143,181,1.5,"U",2.65061702978217
143,182,1.5,"U",1.55241083924481
143,183,1.5,"U",2.7756410002077
143,184,1.5,"U",2.04858063081142
143,185,1.5,"U",3.09641328030592
143,186,1.5,"U",1.5551873750103
143,187,1.5,"U",4.65220187782483
143,188,1.5,"U",1.56134792352057
143,189,1.5,"U",2.78298683098663
143,190,1.5,"U",1.75536077821491
143,191,1.5,"U",2.22041025652505
143,192,1.5,"U",1.43968698847084
143,193,1.5,"U",1.46977077901842
143,194,1.5,"U",1.87486819812825
143,195,1.5,"U",1.51046642215819
143,196,1.5,"U",2.03841176703415
143,197,1.5,"U",1.14357289006069
143,198,1.5,"U",1.61161525855793
143,199,1.5,"U",1.21304418297364
143,200,1.5,"U",1.87953258384873
144,151,1.5,"U",3.46455067756109
144,152,1.5,"U",3.02469788079664
144,153,1.5,"U",2.25225769894875
144,154,1.5,"U",4.06875420597132
144,155,1.5,"U",5.39265353569717
144,156,1.5,"U",1.56048047073762
144,157,1.5,"U",3.8357304609742
144,158,1.5,"U",1.59044058459511
144,159,1.5,"U",2.32075748930509
144,160,1.5,"U",3.55274261603376
144,161,1.5,"U",1.9534858137167
144,162,1.5,"U",4.04989495770298
144,163,1.5,"U",2.87011194354308
144,164,1.5,"U",2.34837272693814
144,165,1.5,"U",2.10896448418193
144,166,1.5,"U",1.29765619056112
144,167,1.5,"U",6.10157086874783
144,168,1.5,"U",1.93560074479068
144,169,1.5,"U",1.58554967258311
144,170,1.5,"U",2.48596900262853
144,171,1.5,"U",3.00111349657044
144,172,1.5,"U",12.7778758632225
144,173,1.5,"U",4.97775926601938
144,174,1.5,"U",1.55357132928507
144,175,1.5,"U",2.25648295959943
144,176,1.5,"U",1.40682754469734
144,177,1.5,"U",1.5897585885711
144,178,1.5,"U",2.93054666529592
144,179,1.5,"U",5.01315426680593
144,180,1.5,"U",3.16362911735652
144,181,1.5,"U",3.80946056237765
144,182,1.5,"U",1.96179329889318
144,183,1.5,"U",3.58032226366885
144,184,1.5,"U",2.80121605020032
144,185,1.5,"U",4.03909083439773
144,186,1.5,"U",1.5496975342772
144,187,1.5,"U",8.14787228196089
144,188,1.5,"U",1.73590980326357
144,189,1.5,"U",2.31400691410077
144,190,1.5,"U",2.16490226154009
144,191,1.5,"U",2.81603532417287
144,192,1.5,"U",1.68356042543322
144,193,1.5,"U",3.28590250329381
144,194,1.5,"U",1.63608962670607
144,195,1.5,"U",1.87083244901442
144,196,1.5,"U",1.80586255301786
144,197,1.5,"U",1.16693832965178
144,198,1.5,"U",2.08908781479076
144,199,1.5,"U",1.30332133368491
144,200,1.5,"U",1.98565788186238
145,151,1.5,"U",4.08838062828985
145,152,1.5,"U",4.34487492718699
145,153,1.5,"U",2.68752115896863
145,154,1.5,"U",5.72928686171318
145,155,1.5,"U",6.47153497365226
145,156,1.5,"U",2.0010318622091
145,157,1.5,"U",5.63666021751461
145,158,1.5,"U",1.61363971137083
145,159,1.5,"U",3.81994717745918
145,160,1.5,"U",4.73873873873874
145,161,1.5,"U",2.51614281663973
145,162,1.5,"U",8.65435330516616
145,163,1.5,"U",4.83568171548655
145,164,1.5,"U",1.71774184863808
145,165,1.5,"U",1.8103921554604
145,166,1.5,"U",1.29300875806989
145,167,1.5,"U",5.11078963738728
145,168,1.5,"U",2.27667288939207
145,169,1.5,"U",1.80641494363972
145,170,1.5,"U",2.24283842631305
145,171,1.5,"U",4.63648741748053
145,172,1.5,"U",4.8470106590327
145,173,1.5,"U",8.0709469358832
145,174,1.5,"U",2.14011788755399
145,175,1.5,"U",2.14658928317353
145,176,1.5,"U",2.03707547796146
145,177,1.5,"U",2.01757191488132
145,178,1.5,"U",3.58608712987029
145,179,1.5,"U",6.63042341245112
145,180,1.5,"U",5.68564639041134
145,181,1.5,"U",2.93948516418144
145,182,1.5,"U",1.90499721829204
145,183,1.5,"U",5.78271950418731
145,184,1.5,"U",2.13142935436732
145,185,1.5,"U",6.02509034583742
145,186,1.5,"U",1.5074301080067
145,187,1.5,"U",7.92041358254528
145,188,1.5,"U",1.64362840018301
145,189,1.5,"U",3.67370882767877
145,190,1.5,"U",2.13614298559891
145,191,1.5,"U",2.96670171427985
145,192,1.5,"U",2.22109724194811
145,193,1.5,"U",2.10603993475463
145,194,1.5,"U",2.47083258650647
145,195,1.5,"U",2.29423697603973
145,196,1.5,"U",3.47803954009214
145,197,1.5,"U",1.35464622714786
145,198,1.5,"U",1.89706974415646
145,199,1.5,"U",1.280326414418
145,200,1.5,"U",4.02470591130606
146,151,1.5,"U",1.9678561787263
146,152,1.5,"U",2.0551960996346
146,153,1.5,"U",1.67887054539352
146,154,1.5,"U",3.89116415877963
146,155,1.5,"U",3.61517890106386
146,156,1.5,"U",1.26763182583243
146,157,1.5,"U",6.2636304005459
146,158,1.5,"U",1.41175121069007
146,159,1.5,"U",1.76240421533395
146,160,1.5,"U",1.45835749619674
146,161,1.5,"U",2.09153061231407
146,162,1.5,"U",3.80756259961635
146,163,1.5,"U",2.61886371670362
146,164,1.5,"U",1.65808861361553
146,165,1.5,"U",1.99078232856357
146,166,1.5,"U",1.14003998101045
146,167,1.5,"U",2.80726358578381
146,168,1.5,"U",1.51855575820054
146,169,1.5,"U",1.66916808735161
146,170,1.5,"U",1.36475879146621
146,171,1.5,"U",2.8815140841291
146,172,1.5,"U",3.28915092266723
146,173,1.5,"U",4.22196094040941
146,174,1.5,"U",1.21235978396851
146,175,1.5,"U",1.51029882558269
146,176,1.5,"U",1.40159881726868
146,177,1.5,"U",1.37107767186946
146,178,1.5,"U",1.86536893472657
146,179,1.5,"U",3.09970400896223
146,180,1.5,"U",3.07672958919802
146,181,1.5,"U",2.07258573036851
146,182,1.5,"U",1.63425649997265
146,183,1.5,"U",3.29670643533478
146,184,1.5,"U",1.66962943842204
146,185,1.5,"U",3.38850044409907
146,186,1.5,"U",1.22562393279052
146,187,1.5,"U",4.94253564919397
146,188,1.5,"U",1.28311088690911
146,189,1.5,"U",1.93774930392894
146,190,1.5,"U",1.40455592488627
146,191,1.5,"U",2.49095960796639
146,192,1.5,"U",1.50014630618382
146,193,1.5,"U",1.40270406527661
146,194,1.5,"U",1.379945623267
146,195,1.5,"U",1.65131807203354
146,196,1.5,"U",1.59558510699634
146,197,1.5,"U",1.27238713331511
146,198,1.5,"U",1.38567926848097
146,199,1.5,"U",1.25510944577836
146,200,1.5,"U",1.64092694446952
147,151,1.5,"U",2.13956250551499
147,152,1.5,"U",1.9774983356628
147,153,1.5,"U",2.11971018146627
147,154,1.5,"U",2.46436561427339
147,155,1.5,"U",2.84273396458823
147,156,1.5,"U",1.22615324424487
147,157,1.5,"U",2.52755863702601
147,158,1.5,"U",1.4204887508545
147,159,1.5,"U",1.75932252908543
147,160,1.5,"U",1.44676080388799
147,161,1.5,"U",2.29282289504634
147,162,1.5,"U",2.83046945312222
147,163,1.5,"U",2.57717599493101
147,164,1.5,"U",1.61843498581007
147,165,1.5,"U",1.38939573290442
147,166,1.5,"U",1.11152484255265
147,167,1.5,"U",3.68735213914201
147,168,1.5,"U",1.41930489962935
147,169,1.5,"U",1.67496925096022
147,170,1.5,"U",2.37284701114488
147,171,1.5,"U",2.12825225505462
147,172,1.5,"U",2.70110412153257
147,173,1.5,"U",2.57127604159328
147,174,1.5,"U",1.44155048911173
147,175,1.5,"U",1.62540126964308
147,176,1.5,"U",1.34431527475353
147,177,1.5,"U",1.36789879170037
147,178,1.5,"U",1.89610248210574
147,179,1.5,"U",3.16792147839522
147,180,1.5,"U",1.98969022011587
147,181,1.5,"U",1.92617220291363
147,182,1.5,"U",1.30909632045957
147,183,1.5,"U",2.84450384183011
147,184,1.5,"U",1.64638754190372
147,185,1.5,"U",2.04519918614724
147,186,1.5,"U",1.49422795894314
147,187,1.5,"U",7.17698837172008
147,188,1.5,"U",1.74988736549573
147,189,1.5,"U",1.54397950648532
147,190,1.5,"U",1.39605285446647
147,191,1.5,"U",2.23455569255875
147,192,1.5,"U",1.33618715439575
147,193,1.5,"U",1.37384851342913
147,194,1.5,"U",1.3537919360948
147,195,1.5,"U",1.46836225149815
147,196,1.5,"U",3.34939759036145
147,197,1.5,"U",1.14654760469919
147,198,1.5,"U",1.29862665390806
147,199,1.5,"U",1.15282744264934
147,200,1.5,"U",1.41567143925918
148,151,1.5,"U",3.70302080631389
148,152,1.5,"U",2.6196696701707
148,153,1.5,"U",2.58718953322346
148,154,1.5,"U",5.46348900591807
148,155,1.5,"U",3.96087653714556
148,156,1.5,"U",1.82913497608692
148,157,1.5,"U",4.34766358962157
148,158,1.5,"U",1.53410175712622
148,159,1.5,"U",2.65605667706755
148,160,1.5,"U",2.7366454392973
148,161,1.5,"U",5.3402919220268
148,162,1.5,"U",5.80505595110542
148,163,1.5,"U",3.29937231147644
148,164,1.5,"U",1.74576829027519
148,165,1.5,"U",1.66349766567055
148,166,1.5,"U",1.73927356308797
148,167,1.5,"U",4.32691700478005
148,168,1.5,"U",2.29709540470975
148,169,1.5,"U",2.03090534325702
148,170,1.5,"U",1.64703824363326
148,171,1.5,"U",3.01008128946971
148,172,1.5,"U",3.43069747328057
148,173,1.5,"U",7.12986604842543
148,174,1.5,"U",1.5340956355088
148,175,1.5,"U",1.78893713457856
148,176,1.5,"U",1.56620311206105
148,177,1.5,"U",1.70417218852382
148,178,1.5,"U",5.0063008719721
148,179,1.5,"U",5.06814874801391
148,180,1.5,"U",3.75247979519288
148,181,1.5,"U",3.09770581796505
148,182,1.5,"U",2.05674338530652
148,183,1.5,"U",3.79235112686875
148,184,1.5,"U",3.50079276721694
148,185,1.5,"U",3.76141685427454
148,186,1.5,"U",1.24181338208518
148,187,1.5,"U",9.12597987495594
148,188,1.5,"U",2.10969629698487
148,189,1.5,"U",3.70464365629352
148,190,1.5,"U",2.6957947031403
148,191,1.5,"U",4.03754862364588
148,192,1.5,"U",1.68371023526666
148,193,1.5,"U",1.7053640035864
148,194,1.5,"U",2.44425665467234
148,195,1.5,"U",2.12861610537891
148,196,1.5,"U",2.71540789189711
148,197,1.5,"U",1.72147444051156
148,198,1.5,"U",2.27213003606085
148,199,1.5,"U",1.30824376950472
148,200,1.5,"U",1.8342369457673
149,151,1.5,"U",1.80777926429313
149,152,1.5,"U",1.60101479236374
149,153,1.5,"U",1.87560801247391
149,154,1.5,"U",2.65507799140665
149,155,1.5,"U",2.03486828467198
149,156,1.5,"U",1.18164578474255
149,157,1.5,"U",1.91829643420492
149,158,1.5,"U",1.45632608395821
149,159,1.5,"U",3.02934341106988
149,160,1.5,"U",1.28135355934396
149,161,1.5,"U",2.59212275502501
149,162,1.5,"U",2.39724625889706
149,163,1.5,"U",2.00315126164341
149,164,1.5,"U",1.18446222394677
149,165,1.5,"U",1.34556400104643
149,166,1.5,"U",1.12427010320091
149,167,1.5,"U",2.31279185095186
149,168,1.5,"U",1.50801184705207
149,169,1.5,"U",1.70736861035549
149,170,1.5,"U",1.29344691665846
149,171,1.5,"U",2.11094937941556
149,172,1.5,"U",2.34417738326838
149,173,1.5,"U",2.80740546817155
149,174,1.5,"U",1.6668320489715
149,175,1.5,"U",1.24839107749256
149,176,1.5,"U",1.17816299063069
149,177,1.5,"U",1.33420787352085
149,178,1.5,"U",1.7264937376099
149,179,1.5,"U",4.07734559302347
149,180,1.5,"U",2.26639788855143
149,181,1.5,"U",1.49220827453139
149,182,1.5,"U",1.33807875754282
149,183,1.5,"U",2.83682959531838
149,184,1.5,"U",1.38430137172885
149,185,1.5,"U",3.23072539465235
149,186,1.5,"U",1.09922652101512
149,187,1.5,"U",2.85622460271854
149,188,1.5,"U",1.16395374503791
149,189,1.5,"U",1.87889868953623
149,190,1.5,"U",1.55508501714033
149,191,1.5,"U",1.57641808257982
149,192,1.5,"U",1.24901960884898
149,193,1.5,"U",1.26492141539438
149,194,1.5,"U",1.25830039115947
149,195,1.5,"U",1.26684537940002
149,196,1.5,"U",1.93196626379339
149,197,1.5,"U",1.22861822771799
149,198,1.5,"U",1.4990143385887
149,199,1.5,"U",1.47242994391203
149,200,1.5,"U",1.50155910044543
150,151,1.5,"U",5.61349165135229
150,152,1.5,"U",3.80846592590067
150,153,1.5,"U",3.2340336346734
150,154,1.5,"U",4.60924423528798
150,155,1.5,"U",5.99828138761881
150,156,1.5,"U",2.44826109486883
150,157,1.5,"U",9.28182863061409
150,158,1.5,"U",2.02524449140978
150,159,1.5,"U",3.36077999313943
150,160,1.5,"U",2.31006687147458
150,161,1.5,"U",3.14435756673404
150,162,1.5,"U",19.3194528363333
150,163,1.5,"U",5.28674629611138
150,164,1.5,"U",1.91649607779066
150,165,1.5,"U",3.31448107816744
150,166,1.5,"U",1.82935672409963
150,167,1.5,"U",8.67370598321543
150,168,1.5,"U",3.11245906503739
150,169,1.5,"U",2.34980984583984
150,170,1.5,"U",2.33071106795952
150,171,1.5,"U",5.8309332304743
150,172,1.5,"U",7.27496795300859
150,173,1.5,"U",8.62888155363853
150,174,1.5,"U",2.03424058357853
150,175,1.5,"U",3.72926648450078
150,176,1.5,"U",1.62554873119621
150,177,1.5,"U",2.24321929125579
150,178,1.5,"U",6.3111707727961
150,179,1.5,"U",9.90923866347092
150,180,1.5,"U",5.75321892358947
150,181,1.5,"U",3.51182587456347
150,182,1.5,"U",2.49836751096475
150,183,1.5,"U",5.58947046030431
150,184,1.5,"U",3.89048893508764
150,185,1.5,"U",5.01118577022197
150,186,1.5,"U",1.57943469659809
150,187,1.5,"U",5.08543079597707
150,188,1.5,"U",1.84398609922851
150,189,1.5,"U",10.8010646145184
150,190,1.5,"U",4.15883932168898
150,191,1.5,"U",4.64735281844985
150,192,1.5,"U",2.0367482564231
150,193,1.5,"U",2.3136510827157
150,194,1.5,"U",2.24908469339603
150,195,1.5,"U",2.06095352356285
150,196,1.5,"U",3.16076131678612
150,197,1.5,"U",1.46622483555904
150,198,1.5,"U",2.37034675984203
150,199,1.5,"U",1.63834318873179
150,200,1.5,"U",2.3626918569203
